"Name","P_site","Identifier","Rep_1"
"4E-BP1","Pan-specific","NN166-2",228
"4E-BP1","T37+T46","PN550",7501
"A6","Y309","PK501",7204
"A6r","Y309","PK502",5958
"AAK1","S637","PK503",8958
"Abl","Pan-specific","NK001-2",7410
"Abl","Pan-specific","NK001-6",3945
"Abl","Y139","PK504",4754
"Abl","Y226","PK505",10104
"Abl","Y257","PK506",4479
"Abl","Y264","PK507",10997
"Abl","Y393+T394","PK873",14542
"Abl","Y413","PK177",232
"Abl","Y469","PK508",13562
"Abl2","Pan-specific","NK238-1",8384
"Abl2","Y439","PK509",786
"Abl2","Y439+T440","PK510",14507
"ACC1","Pan-specific","NN390-1",58
"ACC1","S29","PN733",392
"ACC1","S78+S80","PN202",269
"ACC1","S80","PN002",5635
"ACC2","T1342","PN734",12730
"ACK1","Pan-specific","NK002",442
"ACK1","Y284","PK511",12292
"ACK1","Y518","PK512",15374
"ACK1","Y859+Y860","PK513",13746
"ACLY","S455","PN735",9711
"ACLY","Y682","PN686",10391
"ACO1","S711","PN736",11168
"ACO1","S806","PN737",7465
"ACP1","Y132+Y133","PN687",1511
"ACS1","Y567","PN688",7165
"ACTB","Pan-specific","NN218-1",1801
"ACTB","Y53","PN501",2424
"ACTB","Y294","PN500",13015
"ACTN1","Y246","PN502",13093
"ACTR-I (ALK2","Pan-specific","NK357-1",248
"Adducin a/g","S726","PN003-PN004",59
"ADK","S86","PN689",618
"Akt1","Pan-specific","NK129-3",5451
"Akt1","Pan-specific","NK129-5",9047
"Akt1","Pan-specific","NK129",524
"Akt1","T308","PK515",10381
"Akt1","Y315","PK516",8293
"Akt1","Y326","PK517",1458
"Akt1","T450/T451/T447","PK071-8",294
"Akt1","S473","PK869",9229
"Akt1","S473/S474/S472","PK071-6",236
"Akt1","S473/S474/S472","PK071-7",205
"AKT1S1","T246","PN062",37
"Akt2","Pan-specific","NK130-8",6226
"Akt2","Pan-specific","NK130-9",8894
"Akt3","Pan-specific","NK131-3",9779
"ALK","Pan-specific","NK003-2",2952
"ALK","Pan-specific","NK003-3",5909
"ALK","Y1092","PK518",12771
"ALK","Y1096","PK519",10387
"ALK","Y1507","PK520",15769
"ALOX5","S272","PN738",10188
"AML1","T273","PN568",11367
"AML2","T231","PN569",7612
"AMPKa1","Pan-specific","NK259-1",5303
"AMPKa1","Pan-specific","NK259-2",4799
"AMPKa1","T183+S184","PK521",10052
"AMPKa2","Pan-specific","NK260-2",6029
"AMPKa2","Pan-specific","NK260-1",14427
"AMPKa2","S377","PK522",11815
"ANKRD3","S438","PK523",9485
"ANXA1","Y207","PN503",6775
"ANXA2","Y238","PN504",4403
"APC","S2129","PN739",9908
"AR","S96","PN570",18333
"AR","S310","PN571",5640
"AR","S310","PN203",126
"ARID1A","S363","PN740",8700
"Arrestin b","Pan-specific","NN121",321
"Arrestin b","S412","PN133",1260
"ASK1","Pan-specific","NK007-3",101
"ASK1","Pan-specific","NK007-2",3177
"ASK1","S83","PK175",110
"ASK1","T838","PK525",12928
"ASK1","S966","PK143",17
"ASK1","S1033","PK524",8033
"ASS1","T174+S180","PN741",7078
"ATASE","T356","PN742",10781
"ATF2","Pan-specific","NN160-2",207
"ATF2","T69+T71","PN572",11669
"ATF2","T71","PN204",119
"ATF2","S112","PN115",20
"ATM","Pan-specific","NK230-2",10956
"ATM","Pan-specific","NK230-1",13638
"ATM","S1981","PK526",7414
"ATM","Y2969","PK527",7495
"ATR","Pan-specific","NK237-1",2293
"ATR","Pan-specific","NK237-3",17038
"ATR","S435+S436","PK528",7870
"AurKA","Pan-specific","NK008-3",6708
"AurKA","Pan-specific","NK008-4",10918
"AurKA","T287+T288","PK529",13885
"AurKA","T288","PK174",425
"AurKB","Pan-specific","NK193-2",11726
"AurKB","Pan-specific","NK193-3",11254
"AurKB","S227","PK530",1236
"AurKB","T232","PK531",1662
"AurKC","Pan-specific","NK009-2",9451
"AurKC","Pan-specific","NK009-3",2139
"AurKC","S193","PK532",9732
"Axl","Pan-specific","NK010-2",4794
"Axl","Pan-specific","NK010-3",1322
"Axl","Y702+Y703","PK533",7340
"B-Myb","T487","PN573",10569
"B-Myb","T487","PN206",14
"B23","Pan-specific","NN177-2",273
"B23","T234+T237","PN009",21
"Bad","S75","PN207",611
"Bad","S99","PN208",140
"BCKD","Pan-specific","NK257-1",6922
"BCKD","Pan-specific","NK257-2",758
"BCLAF1","S512","PN574",11857
"Bcr","Pan-specific","NK362-1",872
"Bcr","Y177","PK164",16
"Bcr","Y177","PK538",6172
"Bcr","Y591","PK539",11103
"Bcr","Y644","PK540",9259
"BLK","Y187","PK541",421
"BLK","Y188","PK542",7156
"BLK","Y389","PK543",6729
"BLNK","Y84","PN013",2365
"BMPR2","Pan-specific","NK363-1",170
"BMPR2","S375","PK544",7753
"Bmx","Pan-specific","NK012",31
"Bmx","Y40","PK545",1223
"BRCA1","Pan-specific","NN395-1",434
"BRCA1","T509","PN690",14882
"BRCA1","S988","PN212",592
"BRCA1","S1423","PN116",33
"BRD2","Pan-specific","NK013-2",773
"BRD2","S37","PK546",6362
"BRK","Y342","PK548",6806
"BRK","S446+Y447","PK547",5021
"BRSK1","Pan-specific","NK364-1",16
"BRSK1","T189","PK549",14691
"Btk","Pan-specific","NK014",1588
"Btk","Y223+Y225","PK550",715
"Btk","Y551","PK551",6847
"BUB1B","S670","PK552",7964
"C-EBPa","T226+T230","PN575",14
"C3G","Y504","PN216",229
"CAD","S1859","PN691",1901
"CALD1","S789","PN015",90
"CaMK1a","Pan-specific","NK211",505
"CaMK1a","T177","PK553",17
"CaMK1a","Y235","PK874",6475
"CaMK1d","Pan-specific","NK016-3",170
"CaMK1d","Pan-specific","NK016-2",840
"CaMK1d","T180","PK554",5618
"CaMK2a","Pan-specific","NK302-2",5475
"CaMK2a","Y230","PK875",21
"CaMK2a","T286","PK555",11982
"CaMK2a","T286","PK178",220
"CaMK2b","Pan-specific","NK018-3",8501
"CaMK2d","Pan-specific","NK019-3",12710
"CaMK2g","Pan-specific","NK020-1",4215
"CaMK4","Pan-specific","NK021-2 (NK021-3)",2200
"CaMK4","Pan-specific","NK021 SG-KAP-CA003",2820
"CaMK4","T200","PK556",10354
"CaMKK1","Pan-specific","NK022",10293
"CaMKK1","S74","PK557",599
"CaMKKb","Pan-specific","NK366-1",100
"Cas-L","Y166","PN505",2523
"CASK","Pan-specific","NK023-1",338
"Caveolin 1","Pan-specific","NN147-2",232
"Caveolin 1","Y14","PN147",477
"Caveolin 1","Y14","PN217",596
"Caveolin 2","Pan-specific","NN022-1",984
"Caveolin 2","S36","PN018",170
"Cbl","Pan-specific","NN171-2",718
"Cbl","Y674","PN743",5748
"Cbl","Y700","PN171",1248
"Cbl","Y700","PN218",100
"CBS","S227","PN744",2021
"CD45","Pan-specific","NP001",45
"CD45","Y1216","PP527",7814
"CDC2L5","Pan-specific","NK024",272
"CDC2L5","Pan-specific","NK024-2",1049
"CDC5L","T385","PN576",11400
"CDC7","T376","PK558",13545
"CDK1","Pan-specific","NK025-6",181
"CDK1","Pan-specific","NK025-1",911
"CDK1","Pan-specific","NK204",17
"CDK1","T14","PK559",11960
"CDK1","T14+Y15","PK560",13379
"CDK1","Y15","PK007-1",798
"CDK1","T161","PK008-1",729
"CDK1","T161","PK561",16844
"CDK2","Pan-specific","NK026-6",705
"CDK2","Pan-specific","NK026-3",235
"CDK2","T160","PK568",9238
"CDK4","Pan-specific","NK027-2",479
"CDK4","T172","PK569",16149
"CDK5","Pan-specific","NK028-4",458
"CDK5","Pan-specific","NK028-5",284
"CDK5","Y15","PK570",5578
"CDK5","S159","PK179",665
"CDK6","Pan-specific","NK029-3",879
"CDK6","Pan-specific","NK029-4",129
"CDK6","Y13","PK571",10795
"CDK6","Y24","PK572",7067
"CDK7","Pan-specific","NK030-2",2374
"CDK7","Pan-specific","NK030-1",875
"CDK7","T170","PK573",9228
"CDK8","Pan-specific","NK031-5",471
"CDK8","Pan-specific","NK031-4",9861
"CDK9","Pan-specific","NK032",893
"CDK9","T186","PK575",8644
"CDK9","S347","PK574",11100
"CDK10","Pan-specific","NK033-2",35719
"CDK10","Pan-specific","NK033-3",33984
"CDK10","T196","PK564",18
"CDK11A","T583(labeledasT580)","PK565",10377
"CDK12","S383+S385","PK566",13105
"CDK12","T893","PK567",7198
"CDKL1","Pan-specific","NK199",4072
"CDKL2","Pan-specific","NK261-1",30332
"CDKL3","Pan-specific","NK262-1",28448
"CDKL5","Y171","PK576",8695
"CFL1","S3","PN019",24
"CFL1","S3","PN220",282
"Chk1","Pan-specific","NK034-2",958
"Chk1","Pan-specific","NK034",1896
"Chk1","S280","PK577",9166
"Chk1","S317","PK578",10235
"Chk1","S345","PK579",5971
"Chk2","Pan-specific","NK035",1379
"Chk2","Pan-specific","NK035-2",570
"Chk2","T68","PK581",12400
"Chk2","T383","PK580",10623
"Cip p21","T145","PN249",126
"Cip p21","S146","PN248",99
"CK1 delta","Pan-specific","NK036",872
"CK1 epsilon","Pan-specific","NK037-1",6878
"CK2a1","Pan-specific","NK041-3",392
"CK2a1","Pan-specific","NK041-2",5583
"CK2a1","Y255","PK582",229
"CK2a1","T360+S362","PK167",436
"CLK1","S337","PK583",3247
"CLK1","S337+T338","PK584",7376
"CLK1/4","Pan-specific","NK370-1",472
"CLK3","Pan-specific","NK372-1",1111
"CLNB1","Pan-specific","NN029",785
"CLNB1","S147","PN190",680
"CLNE","T395","PN191",766
"Connexin 43","S368","PN148",849
"Connexin 43","Pan-specific","NN398-1",602
"COT","Pan-specific","NK042-1",6762
"COT","Pan-specific","NK042-2",6077
"COT","S334","PK585",16883
"COX2","Y446","PN695",496
"COX2","Pan-specific","NN027-2",364
"CPS2","T456","PN221",736
"CREB1","S129+S133","PN577",13973
"CREB1","S133","PN553",14659
"CrkL","Pan-specific","NN182-2",2070
"CrkL","Y251","PN507",1130
"CRYAB","S19","PN025",977
"CRYAB","S45","PN110",2104
"CSF1R","Pan-specific","NK234-3",12658
"CSF1R","Pan-specific","NK234-4",17908
"CSF1R","Y699","PK587",2471
"CSF1R","S807+Y809","PK586",10305
"CSF1R","Y809","PK588",4304
"Csk","Pan-specific","NK044-3",4372
"Csk","Pan-specific","NK044",28
"Csk","Y184","PK589",4219
"CTNNA1","S641","PN162",559
"CTNNB1","Pan-specific","NN021-2",154
"CTNNB1","Pan-specific","NN021",2406
"CTNNB1","S33","PN166",949
"CTNNB1","S33+S37","PN278",40
"CTNNB1","S33+S37+T41+S45","PN578",13029
"CTNNB1","Y333","PN167",1068
"CTNNB1","Y489","PN745",13569
"CTNNB1","Y654","PN579",6984
"CUX1","S1270","PN580",6944
"DAPK3","Pan-specific","NK188-1",754
"DCAMLK1","Pan-specific","NK043",1503
"DCK","S74","PN696",11928
"DDR1","Pan-specific","NK263-1",5598
"DDR1","Y796+Y797","PK591",2976
"DDR1","Y797","PK592",8214
"DDR2","Pan-specific","NK183-1",130
"DDR2","Pan-specific","NK183-3",347
"DDR2","Y736","PK593",7749
"DDR2","Y740","PK594",9505
"DLK","S269","PK590",4043
"DMPK1","Pan-specific","NK264-1",10017
"DMPK2","Pan-specific","NK265-1",7570
"DNAPK","Pan-specific","NK048-4",8885
"DNAPK","Pan-specific","NK048-7",12038
"DNAPK","Y883","PK596",9971
"DNAPK","T2609","PK595",5300
"DNMT3A","S105","PN746",6414
"Dok3","Y398","PN508",12514
"DPYD","S766+T768","PN747",15957
"Dynamin I","S795","PN222",585
"DYRK1A","Y321","PK597",3748
"DYRK2","Pan-specific","NK266-1",5557
"DYRK2","Y382","PK598",4009
"DYRK3","Pan-specific","NK374-1",610
"DYRK4","Pan-specific","NK375-2",865
"DYRK4","Pan-specific","NK375-1",1145
"EEF1A1","Y141","PN509",9723
"EEF2","T57","PN555",12286
"eEF2K","S366","PK180",1925
"EGFR","Pan-specific","NK052-6",37190
"EGFR","Pan-specific","NK052-4",14570
"EGFR","Pan-specific","NK052-5",19473
"EGFR","Y869","PK602",10640
"EGFR","Y998","PK603",8832
"EGFR","Y1069","PK599",13219
"EGFR","Y1110","PK600",1373
"EGFR","Y1172","PK601",10194
"EGFR","Y1172","PK010",772
"eIF2a","Pan-specific","NN038-1",59
"eIF2a","S52","PN028-1",588
"EIF2AK3","T982","PK604",12359
"eIF4B","Pan-specific","NN407-1",1491
"eIF4B","S422","PN172",193
"eIF4E","Pan-specific","NN039-3",2052
"eIF4E","S209","PN030-2",28
"eIF4G","Pan-specific","NN408-1",1090
"eIF4G","S1106","PN031",70
"eIF4G","S1231","PN193",92
"Elk-1","S324","PN581",14068
"Elk-1","S383","PN223",1155
"EML4","Y226","PN510",10144
"ENFB2","Pan-specific","NN410-1",132
"ENFB2","Y316","PN173",811
"ENO1","Y44","PN511",12538
"ENO2","Y25","PN512",7477
"EP300","S2279","PN748",5635
"EphA1","Y781","PK605",12053
"EphA2","Y588","PK606",8735
"EphA2","Y772","PK607",381
"EphA3","Y779","PK608",10879
"EphA4","Pan-specific","NK376-1",422
"EphB1","Y594","PK609",9153
"EphB2","Pan-specific","NK267-1",13274
"EphB2","Pan-specific","NK267-2",12565
"EphB2","Y780","PK610",891
"EphB3","Y600","PK611",1363
"EphB4","Y596","PK612",6770
"ERa","Pan-specific","NN411-1",377
"ERa","S104","PN198",400
"ERa","S167","PN583",14568
"ErbB2","Pan-specific","NK054-4",11820
"ErbB2","Pan-specific","NK054-6",10283
"ErbB2","Y735","PK614",8329
"ErbB2","Y877","PK615",5630
"ErbB2","Y1248","PK613",14462
"ERBB2IP","Y1104","PN513",16745
"ErbB3","Pan-specific","NK231-2",20163
"ErbB3","Pan-specific","NK231-3",12038
"ErbB3","Y1289","PK616",15412
"ErbB3","Y1307","PK617",8581
"ErbB3","Y1328","PK618",9503
"ErbB4","Pan-specific","NK235-1",8328
"ErbB4","Pan-specific","NK235-3",15540
"ErbB4","Y733","PK619",15
"ErbB4","Y875","PK620",145
"ERF","T526","PN584",12050
"ERK1","Pan-specific","NK055-1",14899
"ERK1","Pan-specific","NK055-3",17708
"ERK1","Pan-specific","NK055-4",483
"ERK1","T202+Y204","PK621",10004
"ERK1","T202+Y204","PK182",499
"ERK1","Y204","PK864",8726
"ERK1","Y204","PK183",166
"ERK1","Y204+T207","PK866",8118
"ERK1","T207","PK865",9990
"ERK1","S265","PK878",11842
"ERK1","S283","PK879",12790
"ERK2","Pan-specific","NK056-3",20464
"ERK2","Pan-specific","NK056-4",28107
"ERK2","Y263+S266","PK880",11468
"ERK3","Pan-specific","NK057-2",2736
"ERK3","S189","PK623",7843
"ERK4","Pan-specific","NK058",93
"ERK4","S186","PK624",15061
"ERK5","Pan-specific","NK206-3",872
"ERK5","Pan-specific","NK206-5",4922
"ERK5","T219+Y221","PK184",624
"ERK5","Y221","PK626",19253
"ESRRA","S19+S22","PN585",16388
"ESYT1","Y822","PN514",16010
"Ets-1","S282","PN586",25030
"ETV6","S22","PN587",12315
"EZH2","T487","PN697",7216
"EZR","Y146","PN224",401
"EZR","Y354","PN175",1167
"EZR","T567","PN174",18
"FAK","Pan-specific","NK060",494
"FAK","Pan-specific","NK060-2",267
"FAK","Y397","PK017-1",9986
"FAK","Y397","PK627",12406
"FAK","Y576+Y577","PK151",961
"FAK","Y576+Y577","PK628",10472
"FAK","Y577","PK629",10137
"FAK","S722","PK020-3",512
"FAK","S910","PK024",199
"FASN","Y45","PN749",8462
"FASN","S207","PN698",11207
"FBPase","S88","PN750",20549
"FBPase","Y265","PN699",10944
"FBPase 2","Y216","PN700",8749
"FBPase 2","Y259","PN751",7343
"Fer","Y402","PK630",6664
"Fes","Pan-specific","NK061",358
"Fes","Y713","PK632",3943
"Fes","Y713+S716","PK633",6165
"FGFR1","Pan-specific","NK062-3",9029
"FGFR1","Y653+Y654","PK634",9370
"FGFR2","Pan-specific","NK063-4",9523
"FGFR2","Pan-specific","NK063-2",12141
"FGFR2","Y656+Y657","PK635",10428
"FGFR3","Pan-specific","NK236-2",10905
"FGFR3","Pan-specific","NK236-3",6822
"FGFR3","Y647+Y648","PK636",11996
"FGFR3","Y647+Y648","PK637",8500
"FGFR4","Pan-specific","NK239-3",2934
"Fgr","Pan-specific","NK268-1",14063
"Fgr","Y208+Y209","PK638",8156
"Fgr","Y412","PK639",7136
"Flt3","Pan-specific","NK240-1",16478
"Flt3","Pan-specific","NK240-2",4589
"Flt3","Y842","PK640",134
"Fos","Pan-specific","NN044",1479
"Fos","T232","PN033",297
"Fos","T232","PN588",11295
"Fos","S362+S363","PN589",29243
"FOXK1","S441+S445","PN590",11048
"FOXK2","S424+S428","PN591",5729
"FOXM1","T611","PN592",15967
"FOXO1A","S256","PN194",393
"FOXO1A","S319","PN195",315
"FOXO1A","S256","PN593",6007
"FOXO1A","S319","PN594",6912
"FOXO1A","S329","PN595",19638
"FOXO3","T32","PN596",11271
"FOXO3","S294","PN597",15140
"FRA1","S265","PN599",10809
"Frk","Pan-specific","NK269-1",3843
"Frk","Pan-specific","NK269-2",7646
"Frk","Y387","PK641",13129
"Frk","Y497","PK642",6093
"FRS2","Pan-specific","NN415-1",848
"FRS2","Y349","PN146",33
"Fused","S159","PK643",4877
"Fyn","Pan-specific","NK065",1122
"Fyn","Pan-specific","NK065-2",1390
"Fyn","T12","PK186",608
"Fyn","Y213+Y214","PK644",2163
"Fyn","Y420","PK881",12136
"Fyn","Y531","PK645",2615
"G6PD","Y401","PN515",8254
"G6PD","Y503+Y507","PN701",11148
"Gab1","Y406","PN516",2576
"Gab1","Y627","PN192",230
"GATA1","S142","PN196",440
"GATA3","S369","PN702",1950
"GATA4","S262","PN225",706
"GATAD2B","T120+S122","PN600",14116
"GCK","Pan-specific","NK066",1236
"GCK","S170","PK646",10160
"GCK","S411","PK893",13687
"GCLC","S5+S8","PN752",3740
"GCN2","T667","PK877",18033
"GFAP","Pan-specific","NN260-2",1319
"GFAP","S8","PN034",1586
"GIT1","Y545","PN517",11982
"GluR1","S849","PN178",912
"GOLGA2","S25","PN226",1560
"GR","S226","PN601",7784
"GRK1","Pan-specific","NK382-1",717
"GRK2","Pan-specific","NK067-2",1160
"GRK2","Pan-specific","NK067",1829
"GRK2","Y356","PK537",6320
"GRK2","S670","PK536",3946
"GRK2","S670","PK025",1692
"GRK5","Pan-specific","NK305",160
"GRK7","Pan-specific","NK381-1",1216
"GSK3a","Pan-specific","NK069-NK070-3",1916
"GSK3a","Pan-specific","NK069-3",3738
"GSK3a","T19+S21","PK648",11734
"GSK3a","S21","PK187",57
"GSK3a","S278+Y279","PK647",10176
"GSK3a","Y279","PK649",708
"GSK3a","Y284+Y285","PK650",6676
"GSK3b","Pan-specific","NK270-3",8777
"GSK3b","Pan-specific","NK070",11033
"GSK3b","S9","PK188",2698
"GSK3b","T275+T277","PK883",8695
"GTF2F1","S385+T389","PK651",12554
"GTF2I","S412","PN602",9262
"GUK1","Y53","PK652",13974
"GYS1","S641+S645","PN703",9613
"GYS2","Y45","PN704",908
"H2AFX","S139","PN036",3095
"H2B","S14","PN037",891
"H3F3A","T3","PN101-2",3416
"H3F3A","S10","PN038",3126
"H3F3A","S28","PN039",1150
"H3F3A","S28","PN228",156
"HCA59","Y147","PN518",16602
"HCFC1","S1507","PN604",18214
"Hck","Pan-specific","NK271-1",12091
"HDAC4","Pan-specific","NN169",405
"HDAC4/5/9","S246/259/220","PN179",3181
"HDAC5","S498","PN188",929
"HePTP","S44","PP500",2438
"HePTP","T66","PP501",12215
"HePTP","S143","PP528",17564
"HGK","Pan-specific","NK300-1",9957
"HGK","T187","PK653",7315
"HGS","Y216","PN519",9854
"HIPK1","Y352","PK654",8783
"HIPK2","Pan-specific","NK272-1",2049
"HMGA1","S36+T39","PN605",14745
"HMGA1","T53","PN606",13822
"HMGB1","S35+S39","PN607",9826
"HMGCR","S872","PN705",11598
"HMGCS1","S495","PN754",21106
"HNF4A","S167","PN608",10917
"hnRNP-K","S302","PN229",85
"HPK1","Pan-specific","NK072",1351
"HRAS","Pan-specific","NN281-3",5433
"HRAS","Y157","PN755",7197
"HRI","Pan-specific","NK383-1",350
"HRI","S258","PK876",16
"HSF1","Pan-specific","NN268-2",572
"HSF1","S303+S307","PN609",12093
"HSP27","Pan-specific","NN152-2",3235
"HSP27","S78","PN041",2734
"HSP27","S82","PN230",279
"HSP90a","Pan-specific","NN061",563
"HSP90AB1","Pan-specific","NN061-18",935
"HSP90AB1","Y484","PN520",8726
"Huntingtin","Pan-specific","NN422-1",39
"Huntingtin","S419","PN103",129
"ICK","Pan-specific","NK073-2",363
"ICK","Y156+T157","PK655",8225
"ICK","Y159","PK656",6658
"IDH1","T75+T77","PN706",18762
"IDH1","Y391","PN757",6115
"IGF1R","Pan-specific","NK074-4",348
"IGF1R","Pan-specific","NK074-2",659
"IGF1R","Y1161+T1163","PK657",2890
"IGF1R","Y1280","PK152",2848
"IGF1R","Y1346","PK658",6085
"IkBa","Pan-specific","NN064",4083
"IkBa","S32","PN232",82
"IkBa","Y42","PN164",44
"IkBe","S161","PN168",39
"IKKa","T23","PK154",619
"IKKa","T179+S180","PK659",21734
"IKKb","Pan-specific","NK076-7",1435
"IKKb","Pan-specific","NK076-5",9859
"IKKe","S172","PK660",9191
"IKKg","Pan-specific","NN077-2",656
"IKKg","S376","PK189",913
"IKKg","S377","PN758",14825
"IKZF1","Y413","PN707",821
"IL6ST","S782","PN227",641
"ILK1","Pan-specific","NK078-4",221
"ILK1","S343","PK661",1703
"ILK1","Y351","PK662",132
"InsR","Pan-specific","NK079-2",979
"InsR","Pan-specific","NK079-3",238
"InsR","Y1189","PK663",9174
"IRAK1","Pan-specific","NK080-2",601
"IRAK1","T387","PK664",13659
"IRAK4","T345+S346","PK665",20422
"IRF3","T135","PN610",16262
"IRR","Pan-specific","NK273-1",2352
"IRS1","Pan-specific","NN383-2",216
"IRS1","S312","PN117",613
"IRS1","S639","PN118",265
"ITGA4","Pan-specific","NN424-1",573
"ITGB3","Y785","PN231",33
"ITK","Pan-specific","NK274-1",2982
"ITK","Y512","PK666",12855
"ITSN2","Y968","PN521",7675
"IWS1","S720+T721+T725","PN611",14960
"JAK1","Pan-specific","NK084-2",360
"JAK1","Pan-specific","NK084-5",10426
"JAK1","Y1022","PK126",16
"JAK1","Y1034+Y1035","PK884",14698
"JAK1","T1107","PK895",8357
"JAK2","Pan-specific","NK085-3",21315
"JAK2","Pan-specific","NK085-4",9904
"JAK2","Y570","PK668",7854
"JAK2","Y1007+Y1008","PK034-1",170
"JAK2","Y1007+Y1008","PK667",5423
"JAK3","Pan-specific","NK086",331
"JAK3","Pan-specific","NK086-4",7451
"JAK3","Y980+Y981","PK669",9990
"JNK1","Pan-specific","NK189-5",819
"JNK1","Pan-specific","NK217-2",9850
"JNK1","T183+Y185","PK035-2",526
"JNK1","T183+Y185","PK190",225
"JNK1","Y185","PK670",9585
"JNK2","Pan-specific","NK189-2",20234
"JNK2","Pan-specific","NK189-3",4559
"JNK3","Pan-specific","NK197-2",17753
"Jun","Pan-specific","NN162",254
"Jun","S63","PN213",602
"Jun","S63","PN557",20231
"Jun","S73","PN612",11834
"Jun","T91","PN163",963
"Jun","T91+T93","PN214",876
"Jun","Y170","PN155",689
"Jun","T239","PN613",6032
"Jun","S243","PN614",9332
"KCND2","T602","PN233",349
"KCND2","T607","PN234",705
"KHS1","Pan-specific","NK089",177
"KHS1","Y31","PK672",10246
"KHS1","S174","PK671",18184
"Kit","Pan-specific","NK241-4",189
"Kit","Pan-specific","NK241-2",10283
"Kit","Y703","PK036",6381
"Kit","Y721","PK885",13846
"Kit","Y730","PK037",1347
"Kit","S821+Y823","PK674",9881
"Kit","Y936","PK673",13965
"Ksr1","Pan-specific","NK090-2",375
"Ksr1","Pan-specific","NK090-1",682
"Ksr1","S406","PK675",11213
"Ksr2","S490","PK676",13608
"LATS1","Pan-specific","NK091-3",256
"LATS1","Pan-specific","NK091-2",2682
"LATS1","S464","PK677",4963
"LATS1","S909","PK678",14620
"LATS2","Pan-specific","NK092-1",7791
"LATS2","Pan-specific","NK092-2",8962
"Lck","Pan-specific","NK353-4",710
"Lck","Y192","PK679",12733
"Lck","Y263+Y264","PK680",11352
"Lck","Y394","PK149",425
"Lck","Y505","PK041",27
"LEDGF","S273+S275","PN615",2014
"LEF1","T155","PN616",12559
"LIMK1","Pan-specific","NK093",508
"LIMK1","T508","PK681",17478
"LKB1","Pan-specific","NK227-3",11457
"LKB1","Pan-specific","NK227-4",15456
"LKB1","S31","PK682",8909
"LKB1","S428","PK683",15017
"LKB1","S428","PK191",3135
"LMR2","Pan-specific","NK384-1",1109
"LMR2","S1450","PK684",11697
"LOK","S191","PK685",17415
"LOK","T952","PK686",3047
"LRRK2","Pan-specific","NK303-1",819
"LTK","Y672","PK687",11355
"Lyn","Pan-specific","NK095",852
"Lyn","Pan-specific","NK095-2",2569
"Lyn","Y508","PK688",19008
"MAFG","S124","PN617",20417
"MAK","T157","PK689",12735
"MAPKAPK2","Pan-specific","NK097-2",770
"MAPKAPK2","Pan-specific","NK097",1690
"MAPKAPK2","T222","PK690",23570
"MAPKAPK2","Y225+T226","PK691",24882
"MAPKAPK2","T334","PK192",1419
"MAPKAPK3","Y76","PK692",14358
"MAPKAPK5","T186","PK693",14252
"MARK1","Pan-specific","NK098-2",3208
"MARK1","T215","PK695",18530
"MARK2","Pan-specific","NK275-1",814
"MARK2","Pan-specific","NK275-2",4883
"MARK3","Pan-specific","NK276-1",216
"MARK3","Pan-specific","NK276-2",894
"MARK3","T507","PK697",10629
"MARK4","Pan-specific","NK277-1",2058
"MARK4","Pan-specific","NK277-2",1440
"MAT1A","T341","PN759",16628
"MBP","T232","PN235",88
"MBP","T232","PN558",5947
"MCM2","S40+S41","PN618",1142
"MCM2","Y137+S139","PN620",15571
"MDM2","Pan-specific","NN428-1",78
"MDM2","S166","PN169",2705
"MEF2A","Pan-specific","NN429-1",142
"MEF2A","T108","PN622",10415
"MEF2A","S387","PN236",388
"MEF2C","S396","PN623",7626
"MEF2D","S121","PN624",8438
"MEF2D","S180","PN625",8871
"MEK1","Pan-specific","NK099-10",61
"MEK1","Pan-specific","NK099-7",11729
"MEK1","Pan-specific","NK099-3",2541
"MEK1","S218+S222","PK045-PN007",17
"MEK1","S222","PK698",1060
"MEK1","S222","PK193",35
"MEK1","T286","PK886",467
"MEK1","T292","PK046-1",2192
"MEK1","S298","PK194",742
"MEK1","T386","PK048-1",214
"MEK2","Pan-specific","NK100-5",10172
"MEK2","Pan-specific","NK100-4",10436
"MEK2","T394","PK049-3",205
"MEK2","T394","PK049-2",35
"MEK5","Pan-specific","NK104",245
"MEK5","Pan-specific","NK104-2",71
"MEK5","S311","PK699",8255
"MEKK1","Pan-specific","NK107-4",1211
"MEKK1","Pan-specific","NK107-3",4650
"MEKK2","Pan-specific","NK108-3",9543
"MEKK2","Pan-specific","NK108-4",5175
"MEKK2","S239","PK700",9612
"MEKK6","Pan-specific","NK225-2",6182
"MELK","Pan-specific","NK229-2",7491
"MELK","Pan-specific","NK229-3",15046
"MELK","Y438","PK701",2181
"MERTK","Y749","PK702",5230
"MERTK","Y749+Y753","PK703",11271
"MERTK","Y753","PK704",7235
"Met","Pan-specific","NK110-2",17580
"Met","Pan-specific","NK110-3",10309
"Met","Y1003","PK708",8094
"Met","Y1230+Y1234+Y1235","PK055-1",28
"Met","Y1230","PK709",7159
"Met","Y1234","PK710",6140
"Met","Y1234+Y1235","PK711",10368
"Met","S1236","PK705",12519
"Met","T1241","PK706",5420
"Met","T1355+Y1356","PK707",1438
"MITF","S414","PN626",18904
"MKK3","Pan-specific","NK101-3",1372
"MKK3","Pan-specific","NK101-4",7824
"MKK3","Pan-specific","NK101-5",11484
"MKK3","S218","PK051-4",25
"MKK3","S218","PK713",36857
"MKK3","Y230","PK714",7152
"MKK4","Pan-specific","NK103-5",9704
"MKK4","Pan-specific","NK103-6",11880
"MKK4","S80","PK716",9493
"MKK4","S257","PK715",11572
"MKK6","Pan-specific","NK105-4",4795
"MKK6","Pan-specific","NK105-5",5745
"MKK7","Pan-specific","NK106-4",6005
"MKK7","Pan-specific","NK106-5",11106
"MKK7","T275","PK717",7744
"MLK1","Pan-specific","NK278-1",2197
"MLK2","Pan-specific","NK279-1",1132
"MLK3","Pan-specific","NK208",529
"MLK3","T277+S281","PK870",4475
"MLK3","S281","PK718",447
"MLK4","Pan-specific","NK280-1",4596
"MLTK","T161+T162","PK719",7992
"Mnk1","Pan-specific","NK387-1",1168
"Mnk2","Pan-specific","NK111",471
"MOK","Pan-specific","NK281-2",167
"MOK","Pan-specific","NK281-1",152
"MOK","T159+Y161","PK720",6993
"MOK","Y167","PK721",7109
"Mos","Pan-specific","NK112",122
"Mos","Y263","PK722",196
"MPL","Y591","PN760",4255
"MRCKa","Pan-specific","NK282-1",1402
"MRCKb","Pan-specific","NK283-1",70
"MRLC2","S20","PN051-1",838
"MSH6","S14","PN708",6856
"MSK1","S212","PK723",6696
"MSK2","T194+S196","PK868",8689
"MSK2","T687","PK725",6472
"MST1","Pan-specific","NK113-3",439
"MST1","Pan-specific","NK113-2",16
"MST1","T183","PK871",2651
"MST1","T187","PK726",1770
"MST3","Pan-specific","NK115",17
"MST3","T184","PK727",4223
"MST3","T190","PK728",8364
"mTOR","Pan-specific","NK116-4",11726
"mTOR","Pan-specific","NK116-6",219
"mTOR","Pan-specific","NK116-5",3188
"mTOR","Pan-specific","NK116-3",6360
"mTOR","S2448","PK729",6114
"mTOR","S2448","PK196",604
"mTOR","S2478+S2481","PK730",2441
"MUSK","Y756","PK872",1867
"Myb","S532","PN627",7610
"Myc","Pan-specific","NN430-1",982
"Myc","T58","PN199",344
"Myc","T58+S62","PN628",15782
"Myc","T58+S62","PN215",137
"Myc","S373","PN186",818
"MyoD","Pan-specific","NN431-1",281
"MyoD","S200","PN182",27
"MYPT1","Pan-specific","NP049-1",156
"MYPT1","S695","PK197",294
"MYPT1","T696","PN052",1244
"MYPT1","S903","PK198",698
"MYT1","S143","PK887",8463
"NBN","S343","PN187",99
"NCOA3","S867","PN629",8746
"NDR1","S281+T282","PK731",9094
"Nek2","Pan-specific","NK117-4",214
"Nek2","Pan-specific","NK117-3",159
"Nek2","T170+S171","PK733",599
"Nek2","S171","PK732",4313
"Nek3","Pan-specific","NK393-1",725
"Nek6","S206","PK734",4459
"Nek7","Pan-specific","NK119-2",334
"Nek7","Pan-specific","NK119",98
"Nek7","T191+S195","PK735",5159
"NES","T315","PN237",114
"NF1","Y2577","PN761",4552
"NF2","S518","PN709",15828
"NFAT1","S217+S221","PN630",5254
"NFAT3","S213+S217","PN631",7431
"NFAT3","S168+S170","PN240",373
"NFAT4","S169","PN238",370
"NFAT4","S240","PN239",180
"NFAT5","T135","PN632",8198
"NFkB p50","S337","PN242",279
"NFKB p65","Pan-specific","NN071",1568
"NFKB p65","S276","PN053-1",8329
"NFKB p65","S311","PN243",292
"NFKB p65","S529","PN156",21
"NFKB p65","S536","PN245",623
"NFkB-p100","S866","PN633",3556
"NFKB1","S903","PN634",11322
"NFKB1","S932","PN241",840
"NIK","Pan-specific","NK207-2",319
"NIK","Pan-specific","NK207",396
"NLK","T298","PK736",331
"NMDAR1","S896","PN055-1",410
"NMDAR2A","Pan-specific","NN297-1",44
"NMDAR2A","Y943","PN710",4145
"NMDAR2B","Y1474","PN054",24
"NOLC1","T607+T610","PN635",5042
"NOS1","S746","PN762",7736
"NOS2","S745","PN711",6315
"NOS3","T495","PN247",497
"NOS3","T1175+S1177","PN712",12116
"NuaK1/Nuak2","Pan-specific","NK361-1",771
"NuaK1/Nuak2","T211","PK737",6563
"Nur77","S351","PN636",6449
"OSR1","T185","PK738",7404
"p38a MAPK","Pan-specific","NK120-7",140
"p38a MAPK","Pan-specific","NK120-10",1509
"p38a MAPK","T180+Y182","PK739",10306
"p38a MAPK","Y182","PN250",1083
"p38b MAPK","Pan-specific","NK248-1",2545
"p38b MAPK","Pan-specific","NK248-2",3915
"p38b MAPK","T180+Y182","PK741",6623
"p38d MAPK","Pan-specific","NK121-2",4245
"p38d MAPK","Pan-specific","NK121-3",11870
"p38d MAPK","T180+Y182","PK742",360
"p38d MAPK","Y182","PK743",9198
"p38d MAPK","S261+T265","PK888",11687
"p38g MAPK","Pan-specific","NK059-3",4449
"p38g MAPK","Pan-specific","NK059-4",8621
"p40-phox","T154","PN251",117
"p53","Pan-specific","NN082-2",5907
"p53","S6","PN160",1646
"p53","S6+S9","PN637",16486
"p53","T18+S20","PN638",22895
"p53","S33","PN158",15
"p53","S37","PN159",2435
"p53","S46","PN254",320
"p53","T55","PN256",151
"p53","T155","PN255",67
"p53","S315","PN253",18
"p53","S392","PN640",6961
"p53","S392","PN252",104
"p70S6K","Pan-specific","NK223-4",1660
"p70S6K","Pan-specific","NK223-2",3511
"p70S6K","T252","PK145",761
"p70S6K","T252","PK744",7130
"p70S6K","S434","PK199",209
"p70S6K","S434","PK166",1210
"p70S6K","T412","PK745",10391
"p70S6K","T421+S424","PK200",334
"p70S6K","S447","PK156",52
"p70S6K","T444+S447","PK746",4661
"p70S6KB","S423","PK747",7097
"PAH","S16","PN713",8380
"PAK1","Pan-specific","NK122",406
"PAK1","Pan-specific","NK122-2",3924
"PAK1","S141","PK061",79
"PAK1","S144","PK748",6625
"PAK1","T212","PK130",1849
"PAK1","T423","PK749",7852
"PAK2","Pan-specific","NK200-2",258
"PAK2","Y130","PK751",8566
"PAK2","S141","PK750",18795
"PAK3","Pan-specific","NK123",1110
"PAK4","S474","PK752",5624
"PAK5","Pan-specific","NK190-2",1264
"PAK5","Pan-specific","NK190-3",17224
"PAK5","S602","PK753",5813
"PAK6","Pan-specific","NK124-2",6134
"PBK","Pan-specific","NK284-1",972
"PBK","Y74","PK754",9686
"PBK","Y272","PK889",7781
"PBRM1","S948","PN714",476
"PCTK1","Y176","PK755",8994
"PCTK2","Pan-specific","NK285-1",4054
"PCTK2)","S180","PK756",7621
"PCTK3","Pan-specific","NK286-1",13188
"PCYT1A","Pan-specific","NN-456-2",6874
"PCYT1A","Pan-specific","NN-456-1",366
"PCYT1A","S329+S331","PN561",6008
"PCYT1A","T342+S343","PN547",1577
"PCYT1A","Y359+S362","PN548",1196
"PCYT1B","S315+S319","PN546",1443
"PDGFRa","Pan-specific","NK242-1",16484
"PDGFRa","Pan-specific","NK242-2",8470
"PDGFRa","Y754","PK063",411
"PDGFRa","Y762","PK758",5715
"PDGFRa","Y768","PK759",3896
"PDGFRa","S847+Y849","PK757",6949
"PDGFRb","Pan-specific","NK243-1",7324
"PDGFRb","Pan-specific","NK243-3",3076
"PDGFRb","Y716","PK203",389
"PDGFRb","Y1009","PK202",641
"PDK1","Pan-specific","NK126-4",4404
"PDK1","S241","PK760",15676
"PDK1","Pan-specific","NN179-1",11311
"PDK2","Pan-specific","NN180-2",8219
"PDK3","Pan-specific","NN181-2",12185
"PDK4","Pan-specific","NN178-2",8348
"PDLIM5","Y251","PN522",9389
"PEBP1","S153","PN267",209
"PECAM-1","Y713","PN523",9223
"PED15","S116","PN061",54
"PFKFB2","S483","PN258",838
"PFKFB3","S461","PN715",3952
"PFKP","S386","PN716",5864
"PFN1","Y129","PN524",2884
"PFTAIRE1","Pan-specific","NK287-1",6092
"PFTAIRE2","Pan-specific","NK004-2",4458
"PFTAIRE2","Pan-specific","NK004-3",2281
"PGK1","Y196","PN525",8538
"PIK3CA","Y317","PK894",3227
"PIK3R1","Pan-specific","NN089",1120
"PIK3R1","Y467","PN526",7261
"PIK3R1","Y580","PN527",7856
"PIK3R2","Y464","PN528",3908
"Pim1","Pan-specific","NK258-1",617
"Pim2","Pan-specific","NK288-1",926
"Pim2","Pan-specific","NK288-2",6477
"Pim2","T195","PK761",4283
"Pim3","Pan-specific","NK289-1",1417
"PIP5K","S307","PK762",5254
"PITSLRE","Pan-specific","NK213",546
"PKCa","Pan-specific","NK201",2242
"PKCa","Pan-specific","NK132",738
"PKCa","Y195","PK764",1981
"PKCa","T497","PK763",7895
"PKCa","S657","PK210",380
"PKCb","Pan-specific","NK133-3",304
"PKCb","T500","PK766",3145
"PKCb","S661","PK765",7832
"PKCb2","Pan-specific","NK134-3",438
"PKCb2","T641","PK076-2",79
"PKCb2/d","S660","PK204",383
"PKCd","Pan-specific","NK135",678
"PKCd","Y313","PK207",228
"PKCd","Y313","PK768",5031
"PKCd","Y334","PK769",390
"PKCd","T507","PK206",562
"PKCd","T507","PK767",7296
"PKCd","S645","PK205",431
"PKCd","S645","PK079-1",300
"PKCd","S664","PK080",32
"PKCe","S729","PK081-1",46
"PKCg","Pan-specific","NK137",665
"PKCg","Pan-specific","NK137-2",1285
"PKCg","T514","PK082-2",4935
"PKCg","T655","PK083",103
"PKCh","T656","PK085",8777
"PKCi","Pan-specific","NK138-1",176
"PKCi","T564","PK087",69
"PKCt","Pan-specific","NK140",38
"PKCt","T538","PK209",320
"PKCt","Y545","PK773",5591
"PKCt","S676","PK089-1",58
"PKCt","S695","PK772",5010
"PKCz","S262+Y263","PK774",6998
"PKCz","T410","PK208",770
"PKCz","T410","PK775",7714
"PKD1","Pan-specific","NK142",1122
"PKD1","S205","PK770",5695
"PKD1","S738+S742","PK771",346
"PKD1","S738+S742","PK092",28
"PKD1","S910","PK093-1",405
"PKD2","S197+S198","PK784",7056
"PKD3","Pan-specific","NK139-2",2473
"PKG1a","Pan-specific","NK202",108
"PKG1a","T515+T517","PK776",5360
"PKG1a","T515+T517","PK776",4371
"PKG2","Pan-specific","NK290-1",9428
"PKG2","Pan-specific","NK290-2",430
"PKM2","Pan-specific","NN115-2",725
"PKM2","Y148","PN717",1398
"PKM2","S37","PN718",4830
"PKM2","Y390","PN529",6367
"PKN2","Pan-specific","NK149-3",259
"PKR1","Pan-specific","NK144-1",382
"PKR1","T446","PK132",102
"PKR1","T446","PK777",5417
"PLCB3","S1105","PN719",1430
"PLCD1","S460","PN720",1367
"PLCE1","S1096+T1100","PN721",1214
"PLCG1","Pan-specific","NN144-2",1208
"PLCG1","Y771","PN165",704
"PLCG1","Y783","PN144",434
"PLCG1","Y783","PN530",7173
"PLCG1","Y977","PN722",3153
"PLCG2","Y753","PN143",514
"PLCG2","Y753","PN723",7822
"PLCG2","Y759","PN531",6029
"Plk1","Pan-specific","NK145-2",20300
"Plk1","T210","PK778",2877
"Plk1","Y217","PK779",6550
"Plk3","Pan-specific","NK147-2",4910
"Plk4","Pan-specific","NK291-1",1745
"Plk4","T170","PK780",11275
"PLPB1","Pan-specific","NN432-1",833
"PML","S518","PN641",13099
"POU2F1","S385","PN643",27979
"PP1/Ca pan","Pan-specific","NP009",746
"PP1/Cb","Pan-specific","NP010-3",590
"PP1/Cb","T316","PP502",9110
"PP2A/Ca","Pan-specific","NP013-NP014-2",280
"PP2A/Ca","Y307","PP504",7699
"PP2A/Ca","Y307","PP007",16
"PP2Ca/'PP2Cb","Y362","PP508",8172
"PPARg-1","S112","PN644",10292
"PPP1R11","Y64","PN532",5814
"PPP1R12B","T646","PP503",6784
"PPP2CB","T304","PP505",27473
"PPP3CC","Pan-specific","NP049-1",77
"PPP3CC","S463","PP506",20416
"PPP5C","Y119","PP507",15474
"PRC1","T481","PN260",350
"PRK1","Pan-specific","NK148",497
"PRK1","T774","PK781",10150
"PRKACA","Pan-specific","NK127-1",1005
"PRKACA","Pan-specific","NK127-3",1449
"PRKACA/B","T196+T198","PK782",12119
"PRKACB","Y69","PK783",3564
"PRKACB","S339","PK068",413
"PRKAR2A","S99","PN259",597
"PRKX","Pan-specific","NK292-1",7901
"PRKX","T201+T203","PK785",14343
"PRKY","Pan-specific","NK293-1",31705
"PRMT5","T634","PN549",16308
"PRP4K","Y849","PK786",5576
"PTEN","Pan-specific","NP023",4638
"PTEN","Pan-specific","NP023-5",8374
"PTEN","S380","PP006-2",914
"PTEN","S380+T382+S385","PP003",488
"PTEN","S380+T382+T383","PP006-1",1155
"PTPN1","Pan-specific","NP024-2",386
"PTPN1","S50","PP509",1812
"PTPN1","Y66","PP510",3954
"PTPN2","S304","PP515",21183
"PTPN11","Pan-specific","NP026-3",1003
"PTPN11","Y62","PP512",14983
"PTPN11","T542","PP008",892
"PTPN11","S580","PP004",307
"PTPN12","S39","PP513",8260
"PTPN14","S486","PP514",11765
"PTPN21","S637","PP516",2085
"PTPN22","Y499","PP517",9814
"PTPRA","Y798","PP521",9404
"PTPRB","Y1981","PP522",8510
"PTPRF","Y1621","PP523",8753
"PTPRK","Y916","PP524",6948
"PTPRM","Y929","PP526",12980
"PTRF","Y308","PN646",14442
"PU.1","S146","PN647",2132
"PXN","Pan-specific","NN086",23
"PXN","Y31","PN059",857
"PXN","Y118","PN257",568
"PYK2","Pan-specific","NK154",1237
"PYK2","Pan-specific","NK154-3",590
"PYK2","Y402","PK788",9067
"PYK2","Y402","PK787",7548
"PYK2","Y579","PK097-3",24
"PYK2","Y579+Y580","PK789",8799
"Rac1","Pan-specific","NN092-3",998
"Rac1/cdc42","S71","PN063",23
"Raf-A","Pan-specific","NK205-3",7698
"Raf-A","Pan-specific","NK205-4",12288
"Raf-A","Y302","PK500",10710
"Raf-B","Pan-specific","NK156-6",10896
"Raf-B","Pan-specific","NK156-4",9899
"Raf-B","S446+S447","PK534",4874
"Raf-B","S729","PK535",4616
"Raf1","Pan-specific","NK155-7",8213
"Raf1","Pan-specific","NK155-8",4909
"Raf1","S259","PK790",5695
"Raf1","S296","PK791",7361
"Raf1","S301+T303","PK792",1430
"Raf1","S621","PK212",403
"RARA","S77","PN648",10989
"Rb","Pan-specific","NN093",46
"Rb","S249+T252","PN261",2637
"Rb","T356","PN264",1806
"Rb","S608","PN262",1858
"Rb","S612","PN066",1835
"Rb","S780","PN067",171
"Rb","S795","PN263",427
"Rb","T821","PN070",696
"Rb","T821+T826","PN265",459
"Rb","T826","PN071",1595
"RBM9 iso6","T7","PN649",11080
"RDBP","S89+T91","PN650",9988
"RelB","Pan-specific","NN170",367
"RelB","S552","PN151",41
"Ret","Pan-specific","NK244-2",7807
"Ret","Pan-specific","NK244-4",1244
"Ret","Y905","PK793",13086
"RIOK1","Y466","PK794",5055
"RIOK2","S332+S335+S337","PK890",4341
"RIPK1","Pan-specific","NK158-2",746
"RIPK1","Y384","PK795",5286
"RIPK2","Pan-specific","NK157-3",761
"RIPK2","Pan-specific","NK157",32
"RIPK2","S176","PK796",6785
"RIPK2","Y381","PK797",8569
"ROCK1","Pan-specific","NK160",28
"ROCK1","Y913","PK798",9348
"ROCK2","Pan-specific","NK159-1",36
"ROCK2","Pan-specific","NK159-2",712
"ROCK2","Y722","PK799",520
"Ron","Pan-specific","NK161-2",7301
"Ron","Y1238","PK800",7504
"Ron","Y1238+Y1239","PK801",6487
"ROR2","Y645+Y646","PK802",6089
"RORA","S35","PN651",6408
"Ros","Pan-specific","NK163-3",8471
"Ros","Pan-specific","NK163-4",5611
"Ros","Y2114+Y2115","PK803",9324
"RPS6","S235+S236","PN685",7245
"RPS6","S235+S236+S240","PN559",7334
"RPS6","S236","PN268",908
"RSK1","Pan-specific","NK164-3",2872
"RSK1","Y220+S221","PK807",10154
"RSK1","S221","PK804",9838
"RSK1","S221/S227","PK099",82
"RSK1","T348","PK158",254
"RSK1","S352","PK157",358
"RSK1","S363/S369","PK100",231
"RSK1","S380","PK213",710
"RSK1","S380","PK805",8838
"RSK1","T573","PK806",9110
"RSK2","Pan-specific","NK165-2",347
"RSK2","Pan-specific","NK165-3",9909
"RSK2","T577","PK214",2045
"RSK3","Y217+S218","PK808",7831
"RXRa","S260","PN652",9000
"SATB1","S38","PN653",1235
"SCYL1","S754","PK809",5026
"SGK1","Pan-specific","NK294-1",4375
"Sgk223","Y413","PK810",13171
"SgK269","Y635","PK811",9103
"SgK288","Pan-specific","NK295-1",10830
"SH2BP1","T925","PN654",3721
"Shc1","Y349","PN161",71
"Shc1","Y349+Y350","PN074",1294
"SHIP1","Pan-specific","NP044-3",5224
"SHIP1","Y187","PN560",3398
"SHIP2","Pan-specific","NP045-2",6454
"SHIP2","Y886","PN534",11975
"SIK","Pan-specific","NK251-2",5326
"SIK","Pan-specific","NK251-3",6190
"SIK","T182","PK812",4115
"SIK2","Pan-specific","NK249-2",3518
"SIK2","Pan-specific","NK249-3",5101
"SIK2","S358","PK813",9155
"SIK3","Pan-specific","NK250-2",19995
"SIK3","Pan-specific","NK250-3",8053
"SIK3","T163","PK814",12904
"SIK3","T411","PK815",6598
"SIN3A","S832","PN655",14616
"SIT","Y90","PN535",9852
"SIT","Y95","PN536",15779
"SLK","S189","PK816",3088
"Smad1","Pan-specific","NN445-1",340
"Smad2","T220","PN185",934
"Smad2/3","Pan-specific","NN096-2",682
"Smad3","T8","PN658",7354
"SMARCB1","T134","PN727",9926
"SMC1A","S957","PN270",764
"SMG1","Pan-specific","NK233-2",10378
"SMG1","Pan-specific","NK233-1",11568
"SMG1","T3550","PK817",1854
"SNCA","S129","PN197",141
"SND1","Y908","PN661",1936
"snRNP 70","Y126","PN537",9204
"SOCS7","Y561","PN728",10821
"SPT5","T791","PN663",9540
"Src","Pan-specific","NK172-3",592
"Src","Pan-specific","NK172-4",156
"Src","Y419","PK107",1180
"Src","Y419","PK818",109
"Src","Y530","PK108",18
"Src","Y530","PK215",309
"SRF","S224","PN664",14202
"SRPK1","S222","PK819",1462
"SRPK1","S587","PK891",9335
"SRPK2","Pan-specific","NK296-1",6831
"SRPK2","Y319","PK820",820
"SSRP1","Y441+S444","PN665",2421
"STAG2","Y433","PN729",7704
"STAM2","Y374","PN538",909
"STAT1","Pan-specific","NN139-2",575
"STAT1","Y701","PN666",14762
"STAT1","S727","PN667",23077
"STAT2","Y690","PN668",436
"STAT3","Y705","PN273",3761
"STAT3","Y705+T708","PN539",6023
"STAT3","S727","PN272",118
"STAT3","S727","PN669",18605
"STAT4","Pan-specific","NN117",1257
"STAT4","Y693","PN670",12630
"STAT4","S721","PN274",1958
"STAT5","Y694","PN083-1",2153
"STAT5A","Y694","PN671",5139
"STAT5A","S780","PN672",20612
"STAT6","Pan-specific","NN107-2",1270
"STAT6","Y641","PN673",10072
"Syk","Pan-specific","NK174",1482
"Syk","Y323","PK821",2572
"Syk","Y352","PK822",955
"Syk","Y525+Y526","PK823",401
"TAK1","Pan-specific","NK175-5",586
"TAK1","Pan-specific","NK175-3",4231
"TAK1","T184+T187","PK825",5962
"TAK1","S439","PK824",14542
"TAO1","S181","PK826",3868
"TAO1","Y309","PK827",6817
"TAO3","Pan-specific","NK087-2",861
"TAO3","Pan-specific","NK087-3",594
"TARDBP","S409+S410","PN674",6255
"Tau","S396","PN275",320
"Tau","S516","PN085",302
"Tau","T522","PN121",18
"Tau","S713","PN090",184
"Tau","S721","PN092",42
"Tau","S739","PN107",65
"TBC1D7","Y14","PN540",3452
"TBK1","S172","PK828",16
"TEC","Y519","PK829",4256
"TERF1","T371","PN675",5047
"TGM2","Y369","PN541",10055
"TH","Pan-specific","NN449-1",249
"TH","S19","PN731",5017
"TH","S71","PN730",12181
"THRAP3","S253","PN676",6385
"TIE2","Y897","PK830",3854
"TIE2","Y992","PK831",34
"TLN1","Y70","PN542",7000
"TNK1","Y277","PK832",22
"TORC2","S433","PN677",15
"TP53BP1","T1056","PN678",20
"TRIM28","Y458","PK834",17
"TRIM28","S473","PK833",1012
"TRIM28","Y517","PK835",3868
"TRIM33","S1119","PK836",5131
"TrkA","Y680+Y681","PK837",194
"TrkB","Pan-specific","NK179-2",27
"TrkB","Y516","PK838",7790
"TrkB","Y702","PK839",213
"TrkC","Y709+Y710","PK840",428
"TRRAP","Pan-specific","NK232-3",11099
"TRRAP","Pan-specific","NK232-1",13
"TSSK3","T168","PK841",14
"TTK","Pan-specific","NK180",22
"TTK","T676","PK842",4253
"TTK","Y833+Y836","PK843",7894
"TXK","Y420","PK844",781
"TYK2","Pan-specific","NK181-3",7973
"TYK2","Pan-specific","NK181-5",12416
"TYK2","Y292","PK846",706
"TYK2","Y1054+Y1055","PK845",7209
"Tyro3","Y681","PK847",3875
"Tyro3","Y685+Y686","PK848",3720
"UBF","T201","PN680",6531
"UBF","S484","PN679",295
"ULK1","Pan-specific","NK298-2",16
"ULK1","Pan-specific","NK298-1",1310
"ULK2","Pan-specific","NK354-1",484
"ULK3","Pan-specific","NK355-1",43
"VACAMKL","Y245","PK892",4517
"VASP","S157","PN276",455
"Vav","Y174","PN277",1471
"Vav","Y826","PN543",1064
"VEGFR1","Pan-specific","NK226-2",11667
"VEGFR1","Y1048","PK850",6089
"VEGFR1","Y1053","PK851",2244
"VEGFR2","Pan-specific","NK245-2",4151
"VEGFR2","Pan-specific","NK245-3",6053
"VEGFR2","Y1054","PK852",5860
"VEGFR2","Y1059","PK161",270
"VEGFR2","Y1214","PK133",17
"VEGFR3","Pan-specific","NK064-2",4325
"VEGFR3","Pan-specific","NK064-3",7666
"VEGFR3","Y1068","PK853",6597
"VIM","Pan-specific","NN185-2",336
"VIM","S34","PN094",15
"VIM","Y117","PN544",4095
"WASP","Y291","PN545",822
"Wee1","Pan-specific","NK185",2412
"Wee1","S642","PK854",3829
"WNK1","Pan-specific","NK252-1",7171
"WNK1","Pan-specific","NK252-3",6345
"WNK1","T60","PK856",4040
"WNK1","S382","PK855",5562
"WNK1","T2245","PK857",1326
"WNK2","Pan-specific","NK253-1",5131
"WNK2","Pan-specific","NK253-2",2144
"WNK3","Pan-specific","NK254-1",191
"WNK3","Pan-specific","NK254-3",2806
"WNK4","Pan-specific","NK255-1",3825
"WNK4","Pan-specific","NK255-3",736
"WT1","S365","PN732",472
"YAP1","S109","PN681",190
"YAP1","T119","PN682",20
"YAP1","S127","PN683",3816
"Yes","Pan-specific","NK186",509
"Yes","Y222+Y223","PK858",8809
"YSK1","Pan-specific","NK214",596
"YSK1","T174","PK859",5115
"YSK4","Pan-specific","NK256-2",164
"YSK4","Pan-specific","NK256-3",320
"ZAP70","Pan-specific","NK187-2",46
"ZAP70","Pan-specific","NK187",27
"ZAP70","Y248","PK860",255
"ZAP70","Y292","PK861",1115
"ZAP70","Y319","PK862",144
"ZAP70","Y492+Y493","PK863",113
"ZC2","Pan-specific","NK301-1",91
NA,NA,"AVERAGE",5556
NA,NA,"MEDIAN",4077
NA,NA,"MAX",37190
NA,NA,"MIN",13
NA,NA,"SUM",7500000
