Name,P_site,Identifier,Rep_1
4E-BP1,Pan,NN166-2,30
4E-BP1,T37+T46,PN550,7885
A6,Y309,PK501,5265
A6r,Y309,PK502,4900
AAK1,S637,PK503,7398
Abl,Pan,NK001-2,5697
Abl,Pan,NK001-6,2853
Abl,Y139,PK504,3194
Abl,Y226,PK505,8568
Abl,Y257,PK506,6467
Abl,Y264,PK507,9915
Abl,Y393+T394,PK873,11492
Abl,Y413,PK177,50
Abl,Y469,PK508,14338
Abl2,Pan,NK238-1,6260
Abl2,Y439,PK509,873
Abl2,Y439+T440,PK510,12251
ACC1,Pan,NN390-1,23
ACC1,S29,PN733,198
ACC1,S78+S80,PN202,37
ACC1,S80,PN002,3962
ACC2,T1342,PN734,12515
ACK1,Pan,NK002,381
ACK1,Y284,PK511,14326
ACK1,Y518,PK512,14187
ACK1,Y859+Y860,PK513,13746
ACLY,S455,PN735,9740
ACLY,Y682,PN686,8898
ACO1,S711,PN736,10902
ACO1,S806,PN737,7721
ACP1,Y132+Y133,PN687,392
ACS1,Y567,PN688,4598
ACTB,Pan,NN218-1,1034
ACTB,Y53,PN501,1242
ACTB,Y294,PN500,12099
ACTN1,Y246,PN502,13347
ACTR-I (ALK2,Pan,NK357-1,49
Adducin a/g,S726,PN003-PN004,32
ADK,S86,PN689,262
Akt1,Pan,NK129-3,2174
Akt1,Pan,NK129-5,11027
Akt1,Pan,NK129,111
Akt1,T308,PK515,9015
Akt1,Y315,PK516,7179
Akt1,Y326,PK517,659
Akt1,T450/T451/T447,PK071-8,192
Akt1,S473,PK869,4975
Akt1,S473/S474/S472,PK071-6,57
Akt1,S473/S474/S472,PK071-7,30
AKT1S1,T246,PN062,22
Akt2,Pan,NK130-8,4902
Akt2,Pan,NK130-9,12552
Akt3,Pan,NK131-3,12997
ALK,Pan,NK003-2,1532
ALK,Pan,NK003-3,4655
ALK,Y1092,PK518,11622
ALK,Y1096,PK519,10490
ALK,Y1507,PK520,14857
ALOX5,S272,PN738,8771
AML1,T273,PN568,7090
AML2,T231,PN569,6773
AMPKa1,Pan,NK259-1,2548
AMPKa1,Pan,NK259-2,3233
AMPKa1,T183+S184,PK521,14745
AMPKa2,Pan,NK260-2,5804
AMPKa2,Pan,NK260-1,13585
AMPKa2,S377,PK522,13504
ANKRD3,S438,PK523,9829
ANXA1,Y207,PN503,6014
ANXA2,Y238,PN504,3408
APC,S2129,PN739,10354
AR,S96,PN570,15550
AR,S310,PN571,5053
AR,S310,PN203,33
ARID1A,S363,PN740,13170
Arrestin b,Pan,NN121,361
Arrestin b,S412,PN133,246
ASK1,Pan,NK007-3,41
ASK1,Pan,NK007-2,2359
ASK1,S83,PK175,34
ASK1,T838,PK525,12666
ASK1,S966,PK143,8
ASK1,S1033,PK524,8557
ASS1,T174+S180,PN741,5407
ATASE,T356,PN742,11225
ATF2,Pan,NN160-2,29
ATF2,T69+T71,PN572,11010
ATF2,T71,PN204,54
ATF2,S112,PN115,8
ATM,Pan,NK230-2,9408
ATM,Pan,NK230-1,14769
ATM,S1981,PK526,8487
ATM,Y2969,PK527,7179
ATR,Pan,NK237-1,1094
ATR,Pan,NK237-3,16596
ATR,S435+S436,PK528,8412
AurKA,Pan,NK008-3,5832
AurKA,Pan,NK008-4,11437
AurKA,T287+T288,PK529,13259
AurKA,T288,PK174,39
AurKB,Pan,NK193-2,9753
AurKB,Pan,NK193-3,11436
AurKB,S227,PK530,4
AurKB,T232,PK531,723
AurKC,Pan,NK009-2,11592
AurKC,Pan,NK009-3,2186
AurKC,S193,PK532,11008
Axl,Pan,NK010-2,5296
Axl,Pan,NK010-3,880
Axl,Y702+Y703,PK533,7396
B-Myb,T487,PN573,11380
B-Myb,T487,PN206,9
B23,Pan,NN177-2,94
B23,T234+T237,PN009,18
Bad,S75,PN207,200
Bad,S99,PN208,30
BCKD,Pan,NK257-1,7778
BCKD,Pan,NK257-2,758
BCLAF1,S512,PN574,13656
Bcr,Pan,NK362-1,642
Bcr,Y177,PK164,20
Bcr,Y177,PK538,2414
Bcr,Y591,PK539,10350
Bcr,Y644,PK540,10109
BLK,Y187,PK541,449
BLK,Y188,PK542,7445
BLK,Y389,PK543,5890
BLNK,Y84,PN013,1327
BMPR2,Pan,NK363-1,51
BMPR2,S375,PK544,8693
Bmx,Pan,NK012,230
Bmx,Y40,PK545,1131
BRCA1,Pan,NN395-1,55
BRCA1,T509,PN690,17323
BRCA1,S988,PN212,127
BRCA1,S1423,PN116,432
BRD2,Pan,NK013-2,162
BRD2,S37,PK546,11082
BRK,Y342,PK548,6095
BRK,S446+Y447,PK547,3867
BRSK1,Pan,NK364-1,9
BRSK1,T189,PK549,17872
Btk,Pan,NK014,840
Btk,Y223+Y225,PK550,458
Btk,Y551,PK551,6137
BUB1B,S670,PK552,9715
C-EBPa,T226+T230,PN575,11
C3G,Y504,PN216,97
CAD,S1859,PN691,1951
CALD1,S789,PN015,21
CaMK1a,Pan,NK211,211
CaMK1a,T177,PK553,9
CaMK1a,Y235,PK874,5917
CaMK1d,Pan,NK016-3,34
CaMK1d,Pan,NK016-2,348
CaMK1d,T180,PK554,5660
CaMK2a,Pan,NK302-2,3601
CaMK2a,Y230,PK875,14
CaMK2a,T286,PK555,12657
CaMK2a,T286,PK178,33
CaMK2b,Pan,NK018-3,10444
CaMK2d,Pan,NK019-3,12953
CaMK2g,Pan,NK020-1,3288
CaMK4,Pan,NK021-2 (NK021-3),2115
CaMK4,Pan,NK021 SG-KAP-CA003,2513
CaMK4,T200,PK556,11985
CaMKK1,Pan,NK022,9213
CaMKK1,S74,PK557,125
CaMKKb,Pan,NK366-1,23
Cas-L,Y166,PN505,3212
CASK,Pan,NK023-1,147
Caveolin 1,Pan,NN147-2,34
Caveolin 1,Y14,PN147,102
Caveolin 1,Y14,PN217,80
Caveolin 2,Pan,NN022-1,886
Caveolin 2,S36,PN018,69
Cbl,Pan,NN171-2,246
Cbl,Y674,PN743,3433
Cbl,Y700,PN171,543
Cbl,Y700,PN218,44
CBS,S227,PN744,1155
CD45,Pan,NP001,115
CD45,Y1216,PP527,9123
CDC2L5,Pan,NK024,37
CDC2L5,Pan,NK024-2,670
CDC5L,T385,PN576,18004
CDC7,T376,PK558,12613
CDK1,Pan,NK025-6,43
CDK1,Pan,NK025-1,86
CDK1,Pan,NK204,9
CDK1,T14,PK559,12755
CDK1,T14+Y15,PK560,14184
CDK1,Y15,PK007-1,857
CDK1,T161,PK008-1,920
CDK1,T161,PK561,16569
CDK2,Pan,NK026-6,554
CDK2,Pan,NK026-3,592
CDK2,T160,PK568,9864
CDK4,Pan,NK027-2,240
CDK4,T172,PK569,17035
CDK5,Pan,NK028-4,252
CDK5,Pan,NK028-5,75
CDK5,Y15,PK570,4684
CDK5,S159,PK179,180
CDK6,Pan,NK029-3,569
CDK6,Pan,NK029-4,45
CDK6,Y13,PK571,11474
CDK6,Y24,PK572,6847
CDK7,Pan,NK030-2,1496
CDK7,Pan,NK030-1,511
CDK7,T170,PK573,8735
CDK8,Pan,NK031-5,240
CDK8,Pan,NK031-4,8563
CDK9,Pan,NK032,529
CDK9,T186,PK575,9311
CDK9,S347,PK574,10522
CDK10,Pan,NK033-2,21494
CDK10,Pan,NK033-3,18192
CDK10,T196,PK564,9
CDK11A,T583(labeledasT580),PK565,10773
CDK12,S383+S385,PK566,12410
CDK12,T893,PK567,5574
CDKL1,Pan,NK199,1921
CDKL2,Pan,NK261-1,17040
CDKL3,Pan,NK262-1,14618
CDKL5,Y171,PK576,8141
CFL1,S3,PN019,25
CFL1,S3,PN220,36
Chk1,Pan,NK034-2,522
Chk1,Pan,NK034,1518
Chk1,S280,PK577,10681
Chk1,S317,PK578,9347
Chk1,S345,PK579,5739
Chk2,Pan,NK035,634
Chk2,Pan,NK035-2,138
Chk2,T68,PK581,13647
Chk2,T383,PK580,12483
Cip p21,T145,PN249,33
Cip p21,S146,PN248,18
CK1 delta,Pan,NK036,238
CK1 epsilon,Pan,NK037-1,4415
CK2a1,Pan,NK041-3,90
CK2a1,Pan,NK041-2,4616
CK2a1,Y255,PK582,64
CK2a1,T360+S362,PK167,1202
CLK1,S337,PK583,1786
CLK1,S337+T338,PK584,7208
CLK1/4,Pan,NK370-1,144
CLK3,Pan,NK372-1,822
CLNB1,Pan,NN029,265
CLNB1,S147,PN190,732
CLNE,T395,PN191,819
Connexin 43,S368,PN148,948
Connexin 43,Pan,NN398-1,144
COT,Pan,NK042-1,6935
COT,Pan,NK042-2,5683
COT,S334,PK585,14619
COX2,Y446,PN695,273
COX2,Pan,NN027-2,205
CPS2,T456,PN221,261
CREB1,S129+S133,PN577,12772
CREB1,S133,PN553,11265
CrkL,Pan,NN182-2,487
CrkL,Y251,PN507,254
CRYAB,S19,PN025,272
CRYAB,S45,PN110,1904
CSF1R,Pan,NK234-3,15642
CSF1R,Pan,NK234-4,17733
CSF1R,Y699,PK587,1433
CSF1R,S807+Y809,PK586,10003
CSF1R,Y809,PK588,2851
Csk,Pan,NK044-3,3208
Csk,Pan,NK044,15
Csk,Y184,PK589,3269
CTNNA1,S641,PN162,693
CTNNB1,Pan,NN021-2,26
CTNNB1,Pan,NN021,1565
CTNNB1,S33,PN166,761
CTNNB1,S33+S37,PN278,15
CTNNB1,S33+S37+T41+S45,PN578,12488
CTNNB1,Y333,PN167,14
CTNNB1,Y489,PN745,14964
CTNNB1,Y654,PN579,6769
CUX1,S1270,PN580,7528
DAPK3,Pan,NK188-1,729
DCAMLK1,Pan,NK043,489
DCK,S74,PN696,13790
DDR1,Pan,NK263-1,3399
DDR1,Y796+Y797,PK591,1897
DDR1,Y797,PK592,8475
DDR2,Pan,NK183-1,21
DDR2,Pan,NK183-3,94
DDR2,Y736,PK593,8774
DDR2,Y740,PK594,10020
DLK,S269,PK590,2701
DMPK1,Pan,NK264-1,6546
DMPK2,Pan,NK265-1,5504
DNAPK,Pan,NK048-4,9480
DNAPK,Pan,NK048-7,11213
DNAPK,Y883,PK596,8937
DNAPK,T2609,PK595,3735
DNMT3A,S105,PN746,4641
Dok3,Y398,PN508,12965
DPYD,S766+T768,PN747,14647
Dynamin I,S795,PN222,98
DYRK1A,Y321,PK597,2006
DYRK2,Pan,NK266-1,3504
DYRK2,Y382,PK598,2511
DYRK3,Pan,NK374-1,90
DYRK4,Pan,NK375-2,130
DYRK4,Pan,NK375-1,98
EEF1A1,Y141,PN509,10040
EEF2,T57,PN555,11109
eEF2K,S366,PK180,601
EGFR,Pan,NK052-6,21975
EGFR,Pan,NK052-4,11582
EGFR,Pan,NK052-5,17613
EGFR,Y869,PK602,11143
EGFR,Y998,PK603,9183
EGFR,Y1069,PK599,8155
EGFR,Y1110,PK600,474
EGFR,Y1172,PK601,8663
EGFR,Y1172,PK010,335
eIF2a,Pan,NN038-1,195
eIF2a,S52,PN028-1,375
EIF2AK3,T982,PK604,13730
eIF4B,Pan,NN407-1,577
eIF4B,S422,PN172,27
eIF4E,Pan,NN039-3,590
eIF4E,S209,PN030-2,22
eIF4G,Pan,NN408-1,254
eIF4G,S1106,PN031,30
eIF4G,S1231,PN193,532
Elk-1,S324,PN581,13494
Elk-1,S383,PN223,179
EML4,Y226,PN510,6864
ENFB2,Pan,NN410-1,92
ENFB2,Y316,PN173,181
ENO1,Y44,PN511,10094
ENO2,Y25,PN512,7519
EP300,S2279,PN748,4242
EphA1,Y781,PK605,12171
EphA2,Y588,PK606,8898
EphA2,Y772,PK607,42
EphA3,Y779,PK608,17438
EphA4,Pan,NK376-1,81
EphB1,Y594,PK609,9904
EphB2,Pan,NK267-1,12836
EphB2,Pan,NK267-2,15881
EphB2,Y780,PK610,435
EphB3,Y600,PK611,354
EphB4,Y596,PK612,6396
ERa,Pan,NN411-1,64
ERa,S104,PN198,2077
ERa,S167,PN583,15138
ErbB2,Pan,NK054-4,13936
ErbB2,Pan,NK054-6,11298
ErbB2,Y735,PK614,7958
ErbB2,Y877,PK615,4324
ErbB2,Y1248,PK613,15738
ERBB2IP,Y1104,PN513,19177
ErbB3,Pan,NK231-2,20323
ErbB3,Pan,NK231-3,14399
ErbB3,Y1289,PK616,13231
ErbB3,Y1307,PK617,10578
ErbB3,Y1328,PK618,9904
ErbB4,Pan,NK235-1,7489
ErbB4,Pan,NK235-3,13295
ErbB4,Y733,PK619,7
ErbB4,Y875,PK620,19
ERF,T526,PN584,11520
ERK1,Pan,NK055-1,15178
ERK1,Pan,NK055-3,16545
ERK1,Pan,NK055-4,365
ERK1,T202+Y204,PK621,11020
ERK1,T202+Y204,PK182,392
ERK1,Y204,PK864,9864
ERK1,Y204,PK183,87
ERK1,Y204+T207,PK866,6802
ERK1,T207,PK865,8727
ERK1,S265,PK878,14049
ERK1,S283,PK879,12467
ERK2,Pan,NK056-3,16178
ERK2,Pan,NK056-4,22007
ERK2,Y263+S266,PK880,13300
ERK3,Pan,NK057-2,1781
ERK3,S189,PK623,8923
ERK4,Pan,NK058,34
ERK4,S186,PK624,15829
ERK5,Pan,NK206-3,929
ERK5,Pan,NK206-5,6483
ERK5,T219+Y221,PK184,109
ERK5,Y221,PK626,16186
ESRRA,S19+S22,PN585,11784
ESYT1,Y822,PN514,15606
Ets-1,S282,PN586,16830
ETV6,S22,PN587,12055
EZH2,T487,PN697,7989
EZR,Y146,PN224,34
EZR,Y354,PN175,680
EZR,T567,PN174,196
FAK,Pan,NK060,151
FAK,Pan,NK060-2,68
FAK,Y397,PK017-1,8176
FAK,Y397,PK627,13057
FAK,Y576+Y577,PK151,1072
FAK,Y576+Y577,PK628,12114
FAK,Y577,PK629,10956
FAK,S722,PK020-3,635
FAK,S910,PK024,196
FASN,Y45,PN749,8873
FASN,S207,PN698,9072
FBPase,S88,PN750,20061
FBPase,Y265,PN699,13609
FBPase 2,Y216,PN700,10388
FBPase 2,Y259,PN751,8635
Fer,Y402,PK630,5009
Fes,Pan,NK061,50
Fes,Y713,PK632,3837
Fes,Y713+S716,PK633,7177
FGFR1,Pan,NK062-3,8479
FGFR1,Y653+Y654,PK634,10105
FGFR2,Pan,NK063-4,9346
FGFR2,Pan,NK063-2,12423
FGFR2,Y656+Y657,PK635,11156
FGFR3,Pan,NK236-2,9273
FGFR3,Pan,NK236-3,6776
FGFR3,Y647+Y648,PK636,11893
FGFR3,Y647+Y648,PK637,7532
FGFR4,Pan,NK239-3,2651
Fgr,Pan,NK268-1,10175
Fgr,Y208+Y209,PK638,8327
Fgr,Y412,PK639,6401
Flt3,Pan,NK240-1,11601
Flt3,Pan,NK240-2,3015
Flt3,Y842,PK640,41
Fos,Pan,NN044,821
Fos,T232,PN033,561
Fos,T232,PN588,12807
Fos,S362+S363,PN589,23721
FOXK1,S441+S445,PN590,10700
FOXK2,S424+S428,PN591,5393
FOXM1,T611,PN592,13097
FOXO1A,S256,PN194,871
FOXO1A,S319,PN195,31
FOXO1A,S256,PN593,5552
FOXO1A,S319,PN594,7575
FOXO1A,S329,PN595,14541
FOXO3,T32,PN596,8659
FOXO3,S294,PN597,14866
FRA1,S265,PN599,10388
Frk,Pan,NK269-1,2862
Frk,Pan,NK269-2,8033
Frk,Y387,PK641,14053
Frk,Y497,PK642,5974
FRS2,Pan,NN415-1,291
FRS2,Y349,PN146,16
Fused,S159,PK643,4083
Fyn,Pan,NK065,262
Fyn,Pan,NK065-2,612
Fyn,T12,PK186,160
Fyn,Y213+Y214,PK644,1385
Fyn,Y420,PK881,12886
Fyn,Y531,PK645,1828
G6PD,Y401,PN515,8112
G6PD,Y503+Y507,PN701,11617
Gab1,Y406,PN516,1749
Gab1,Y627,PN192,262
GATA1,S142,PN196,886
GATA3,S369,PN702,1800
GATA4,S262,PN225,285
GATAD2B,T120+S122,PN600,14842
GCK,Pan,NK066,753
GCK,S170,PK646,9223
GCK,S411,PK893,13443
GCLC,S5+S8,PN752,4275
GCN2,T667,PK877,13488
GFAP,Pan,NN260-2,1214
GFAP,S8,PN034,987
GIT1,Y545,PN517,11207
GluR1,S849,PN178,1709
GOLGA2,S25,PN226,790
GR,S226,PN601,6719
GRK1,Pan,NK382-1,90
GRK2,Pan,NK067-2,293
GRK2,Pan,NK067,738
GRK2,Y356,PK537,4190
GRK2,S670,PK536,2753
GRK2,S670,PK025,587
GRK5,Pan,NK305,23
GRK7,Pan,NK381-1,598
GSK3a,Pan,NK069-NK070-3,543
GSK3a,Pan,NK069-3,2482
GSK3a,T19+S21,PK648,13165
GSK3a,S21,PK187,28
GSK3a,S278+Y279,PK647,10741
GSK3a,Y279,PK649,344
GSK3a,Y284+Y285,PK650,5657
GSK3b,Pan,NK270-3,8629
GSK3b,Pan,NK070,10361
GSK3b,S9,PK188,858
GSK3b,T275+T277,PK883,9680
GTF2F1,S385+T389,PK651,13253
GTF2I,S412,PN602,8441
GUK1,Y53,PK652,12314
GYS1,S641+S645,PN703,9145
GYS2,Y45,PN704,664
H2AFX,S139,PN036,2546
H2B,S14,PN037,1059
H3F3A,T3,PN101-2,2081
H3F3A,S10,PN038,6562
H3F3A,S28,PN039,1524
H3F3A,S28,PN228,71
HCA59,Y147,PN518,16942
HCFC1,S1507,PN604,19177
Hck,Pan,NK271-1,9903
HDAC4,Pan,NN169,81
HDAC4/5/9,S246/259/220,PN179,1838
HDAC5,S498,PN188,2065
HePTP,S44,PP500,4225
HePTP,T66,PP501,13634
HePTP,S143,PP528,17697
HGK,Pan,NK300-1,10503
HGK,T187,PK653,8032
HGS,Y216,PN519,11811
HIPK1,Y352,PK654,10360
HIPK2,Pan,NK272-1,3605
HMGA1,S36+T39,PN605,16961
HMGA1,T53,PN606,17021
HMGB1,S35+S39,PN607,15121
HMGCR,S872,PN705,15410
HMGCS1,S495,PN754,22021
HNF4A,S167,PN608,13841
hnRNP-K,S302,PN229,50
HPK1,Pan,NK072,638
HRAS,Pan,NN281-3,4541
HRAS,Y157,PN755,8731
HRI,Pan,NK383-1,94
HRI,S258,PK876,8
HSF1,Pan,NN268-2,1718
HSF1,S303+S307,PN609,14134
HSP27,Pan,NN152-2,3976
HSP27,S78,PN041,2205
HSP27,S82,PN230,196
HSP90a,Pan,NN061,583
HSP90AB1,Pan,NN061-18,3647
HSP90AB1,Y484,PN520,12822
Huntingtin,Pan,NN422-1,21
Huntingtin,S419,PN103,90
ICK,Pan,NK073-2,379
ICK,Y156+T157,PK655,10564
ICK,Y159,PK656,7336
IDH1,T75+T77,PN706,22476
IDH1,Y391,PN757,11949
IGF1R,Pan,NK074-4,183
IGF1R,Pan,NK074-2,396
IGF1R,Y1161+T1163,PK657,3655
IGF1R,Y1280,PK152,5030
IGF1R,Y1346,PK658,4181
IkBa,Pan,NN064,4071
IkBa,S32,PN232,57
IkBa,Y42,PN164,19
IkBe,S161,PN168,249
IKKa,T23,PK154,1146
IKKa,T179+S180,PK659,17094
IKKb,Pan,NK076-7,838
IKKb,Pan,NK076-5,12044
IKKe,S172,PK660,10566
IKKg,Pan,NN077-2,145
IKKg,S376,PK189,285
IKKg,S377,PN758,16406
IKZF1,Y413,PN707,1300
IL6ST,S782,PN227,177
ILK1,Pan,NK078-4,378
ILK1,S343,PK661,3067
ILK1,Y351,PK662,130
InsR,Pan,NK079-2,649
InsR,Pan,NK079-3,148
InsR,Y1189,PK663,10342
IRAK1,Pan,NK080-2,417
IRAK1,T387,PK664,13551
IRAK4,T345+S346,PK665,20982
IRF3,T135,PN610,22035
IRR,Pan,NK273-1,3159
IRS1,Pan,NN383-2,166
IRS1,S312,PN117,825
IRS1,S639,PN118,243
ITGA4,Pan,NN424-1,300
ITGB3,Y785,PN231,17
ITK,Pan,NK274-1,6129
ITK,Y512,PK666,15864
ITSN2,Y968,PN521,13371
IWS1,S720+T721+T725,PN611,20281
JAK1,Pan,NK084-2,167
JAK1,Pan,NK084-5,20638
JAK1,Y1022,PK126,948
JAK1,Y1034+Y1035,PK884,17604
JAK1,T1107,PK895,10617
JAK2,Pan,NK085-3,22776
JAK2,Pan,NK085-4,12539
JAK2,Y570,PK668,12701
JAK2,Y1007+Y1008,PK034-1,47
JAK2,Y1007+Y1008,PK667,5432
JAK3,Pan,NK086,149
JAK3,Pan,NK086-4,11172
JAK3,Y980+Y981,PK669,11530
JNK1,Pan,NK189-5,1709
JNK1,Pan,NK217-2,13639
JNK1,T183+Y185,PK035-2,1004
JNK1,T183+Y185,PK190,103
JNK1,Y185,PK670,6406
JNK2,Pan,NK189-2,24173
JNK2,Pan,NK189-3,7848
JNK3,Pan,NK197-2,21710
Jun,Pan,NN162,122
Jun,S63,PN213,137
Jun,S63,PN557,23610
Jun,S73,PN612,17184
Jun,T91,PN163,2014
Jun,T91+T93,PN214,316
Jun,Y170,PN155,2010
Jun,T239,PN613,8654
Jun,S243,PN614,12866
KCND2,T602,PN233,241
KCND2,T607,PN234,853
KHS1,Pan,NK089,206
KHS1,Y31,PK672,10908
KHS1,S174,PK671,17894
Kit,Pan,NK241-4,100
Kit,Pan,NK241-2,11548
Kit,Y703,PK036,4925
Kit,Y721,PK885,14494
Kit,Y730,PK037,500
Kit,S821+Y823,PK674,11585
Kit,Y936,PK673,17307
Ksr1,Pan,NK090-2,148
Ksr1,Pan,NK090-1,360
Ksr1,S406,PK675,15995
Ksr2,S490,PK676,14161
LATS1,Pan,NK091-3,63
LATS1,Pan,NK091-2,1488
LATS1,S464,PK677,4306
LATS1,S909,PK678,14029
LATS2,Pan,NK092-1,7898
LATS2,Pan,NK092-2,6886
Lck,Pan,NK353-4,209
Lck,Y192,PK679,13354
Lck,Y263+Y264,PK680,10342
Lck,Y394,PK149,301
Lck,Y505,PK041,82
LEDGF,S273+S275,PN615,4233
LEF1,T155,PN616,18390
LIMK1,Pan,NK093,1231
LIMK1,T508,PK681,19500
LKB1,Pan,NK227-3,14294
LKB1,Pan,NK227-4,15835
LKB1,S31,PK682,7828
LKB1,S428,PK683,16097
LKB1,S428,PK191,1050
LMR2,Pan,NK384-1,377
LMR2,S1450,PK684,11669
LOK,S191,PK685,19641
LOK,T952,PK686,4932
LRRK2,Pan,NK303-1,3453
LTK,Y672,PK687,13143
Lyn,Pan,NK095,429
Lyn,Pan,NK095-2,1876
Lyn,Y508,PK688,21865
MAFG,S124,PN617,18406
MAK,T157,PK689,14266
MAPKAPK2,Pan,NK097-2,816
MAPKAPK2,Pan,NK097,1044
MAPKAPK2,T222,PK690,23909
MAPKAPK2,Y225+T226,PK691,29074
MAPKAPK2,T334,PK192,683
MAPKAPK3,Y76,PK692,17767
MAPKAPK5,T186,PK693,20409
MARK1,Pan,NK098-2,2953
MARK1,T215,PK695,22744
MARK2,Pan,NK275-1,478
MARK2,Pan,NK275-2,4356
MARK3,Pan,NK276-1,154
MARK3,Pan,NK276-2,742
MARK3,T507,PK697,9941
MARK4,Pan,NK277-1,1317
MARK4,Pan,NK277-2,803
MAT1A,T341,PN759,14759
MBP,T232,PN235,35
MBP,T232,PN558,5990
MCM2,S40+S41,PN618,426
MCM2,Y137+S139,PN620,13192
MDM2,Pan,NN428-1,22
MDM2,S166,PN169,2178
MEF2A,Pan,NN429-1,77
MEF2A,T108,PN622,12178
MEF2A,S387,PN236,182
MEF2C,S396,PN623,11717
MEF2D,S121,PN624,9317
MEF2D,S180,PN625,9554
MEK1,Pan,NK099-10,27
MEK1,Pan,NK099-7,10189
MEK1,Pan,NK099-3,2026
MEK1,S218+S222,PK045-PN007,162
MEK1,S222,PK698,668
MEK1,S222,PK193,8
MEK1,T286,PK886,857
MEK1,T292,PK046-1,1663
MEK1,S298,PK194,993
MEK1,T386,PK048-1,668
MEK2,Pan,NK100-5,11240
MEK2,Pan,NK100-4,8633
MEK2,T394,PK049-3,253
MEK2,T394,PK049-2,280
MEK5,Pan,NK104,73
MEK5,Pan,NK104-2,32
MEK5,S311,PK699,10085
MEKK1,Pan,NK107-4,420
MEKK1,Pan,NK107-3,4632
MEKK2,Pan,NK108-3,10286
MEKK2,Pan,NK108-4,6801
MEKK2,S239,PK700,10741
MEKK6,Pan,NK225-2,6874
MELK,Pan,NK229-2,8522
MELK,Pan,NK229-3,14180
MELK,Y438,PK701,1288
MERTK,Y749,PK702,4989
MERTK,Y749+Y753,PK703,12342
MERTK,Y753,PK704,6646
Met,Pan,NK110-2,15002
Met,Pan,NK110-3,9838
Met,Y1003,PK708,8103
Met,Y1230+Y1234+Y1235,PK055-1,837
Met,Y1230,PK709,10197
Met,Y1234,PK710,7677
Met,Y1234+Y1235,PK711,11291
Met,S1236,PK705,14635
Met,T1241,PK706,5268
Met,T1355+Y1356,PK707,471
MITF,S414,PN626,14265
MKK3,Pan,NK101-3,777
MKK3,Pan,NK101-4,6630
MKK3,Pan,NK101-5,11830
MKK3,S218,PK051-4,12
MKK3,S218,PK713,26265
MKK3,Y230,PK714,12841
MKK4,Pan,NK103-5,17153
MKK4,Pan,NK103-6,15819
MKK4,S80,PK716,13118
MKK4,S257,PK715,13321
MKK6,Pan,NK105-4,4399
MKK6,Pan,NK105-5,4756
MKK7,Pan,NK106-4,6317
MKK7,Pan,NK106-5,10586
MKK7,T275,PK717,9554
MLK1,Pan,NK278-1,1842
MLK2,Pan,NK279-1,564
MLK3,Pan,NK208,144
MLK3,T277+S281,PK870,9376
MLK3,S281,PK718,266
MLK4,Pan,NK280-1,5118
MLTK,T161+T162,PK719,9668
Mnk1,Pan,NK387-1,339
Mnk2,Pan,NK111,180
MOK,Pan,NK281-2,76
MOK,Pan,NK281-1,36
MOK,T159+Y161,PK720,8009
MOK,Y167,PK721,6848
Mos,Pan,NK112,45
Mos,Y263,PK722,63
MPL,Y591,PN760,4064
MRCKa,Pan,NK282-1,923
MRCKb,Pan,NK283-1,42
MRLC2,S20,PN051-1,219
MSH6,S14,PN708,8894
MSK1,S212,PK723,6790
MSK2,T194+S196,PK868,10723
MSK2,T687,PK725,5031
MST1,Pan,NK113-3,78
MST1,Pan,NK113-2,11
MST1,T183,PK871,3502
MST1,T187,PK726,1278
MST3,Pan,NK115,8
MST3,T184,PK727,5903
MST3,T190,PK728,11893
mTOR,Pan,NK116-4,11790
mTOR,Pan,NK116-6,75
mTOR,Pan,NK116-5,2930
mTOR,Pan,NK116-3,6926
mTOR,S2448,PK729,9517
mTOR,S2448,PK196,205
mTOR,S2478+S2481,PK730,1291
MUSK,Y756,PK872,2401
Myb,S532,PN627,8720
Myc,Pan,NN430-1,339
Myc,T58,PN199,1018
Myc,T58+S62,PN628,16993
Myc,T58+S62,PN215,56
Myc,S373,PN186,1274
MyoD,Pan,NN431-1,203
MyoD,S200,PN182,30
MYPT1,Pan,NP049-1,200
MYPT1,S695,PK197,37
MYPT1,T696,PN052,765
MYPT1,S903,PK198,61
MYT1,S143,PK887,8926
NBN,S343,PN187,410
NCOA3,S867,PN629,12045
NDR1,S281+T282,PK731,9732
Nek2,Pan,NK117-4,163
Nek2,Pan,NK117-3,118
Nek2,T170+S171,PK733,424
Nek2,S171,PK732,18154
Nek3,Pan,NK393-1,272
Nek6,S206,PK734,4605
Nek7,Pan,NK119-2,49
Nek7,Pan,NK119,28
Nek7,T191+S195,PK735,3950
NES,T315,PN237,49
NF1,Y2577,PN761,3741
NF2,S518,PN709,15703
NFAT1,S217+S221,PN630,6098
NFAT3,S213+S217,PN631,10940
NFAT3,S168+S170,PN240,117
NFAT4,S169,PN238,196
NFAT4,S240,PN239,104
NFAT5,T135,PN632,10703
NFkB p50,S337,PN242,466
NFKB p65,Pan,NN071,1363
NFKB p65,S276,PN053-1,7048
NFKB p65,S311,PN243,28
NFKB p65,S529,PN156,618
NFKB p65,S536,PN245,169
NFkB-p100,S866,PN633,4148
NFKB1,S903,PN634,16134
NFKB1,S932,PN241,189
NIK,Pan,NK207-2,78
NIK,Pan,NK207,243
NLK,T298,PK736,338
NMDAR1,S896,PN055-1,625
NMDAR2A,Pan,NN297-1,94
NMDAR2A,Y943,PN710,4079
NMDAR2B,Y1474,PN054,14
NOLC1,T607+T610,PN635,4395
NOS1,S746,PN762,6403
NOS2,S745,PN711,4863
NOS3,T495,PN247,112
NOS3,T1175+S1177,PN712,12608
NuaK1/Nuak2,Pan,NK361-1,230
NuaK1/Nuak2,T211,PK737,3993
Nur77,S351,PN636,8460
OSR1,T185,PK738,6682
p38a MAPK,Pan,NK120-7,70
p38a MAPK,Pan,NK120-10,814
p38a MAPK,T180+Y182,PK739,7949
p38a MAPK,Y182,PN250,227
p38b MAPK,Pan,NK248-1,1508
p38b MAPK,Pan,NK248-2,4198
p38b MAPK,T180+Y182,PK741,6039
p38d MAPK,Pan,NK121-2,3879
p38d MAPK,Pan,NK121-3,13139
p38d MAPK,T180+Y182,PK742,236
p38d MAPK,Y182,PK743,10127
p38d MAPK,S261+T265,PK888,16128
p38g MAPK,Pan,NK059-3,2406
p38g MAPK,Pan,NK059-4,8555
p40-phox,T154,PN251,26
p53,Pan,NN082-2,5240
p53,S6,PN160,1858
p53,S6+S9,PN637,15730
p53,T18+S20,PN638,17200
p53,S33,PN158,387
p53,S37,PN159,2136
p53,S46,PN254,94
p53,T55,PN256,32
p53,T155,PN255,26
p53,S315,PN253,11
p53,S392,PN640,8926
p53,S392,PN252,74
p70S6K,Pan,NK223-4,1195
p70S6K,Pan,NK223-2,6021
p70S6K,T252,PK145,307
p70S6K,T252,PK744,6664
p70S6K,S434,PK199,101
p70S6K,S434,PK166,1488
p70S6K,T412,PK745,10626
p70S6K,T421+S424,PK200,347
p70S6K,S447,PK156,661
p70S6K,T444+S447,PK746,11955
p70S6KB,S423,PK747,8190
PAH,S16,PN713,8920
PAK1,Pan,NK122,114
PAK1,Pan,NK122-2,3560
PAK1,S141,PK061,20
PAK1,S144,PK748,12835
PAK1,T212,PK130,2588
PAK1,T423,PK749,7350
PAK2,Pan,NK200-2,90
PAK2,Y130,PK751,9786
PAK2,S141,PK750,20107
PAK3,Pan,NK123,227
PAK4,S474,PK752,7244
PAK5,Pan,NK190-2,480
PAK5,Pan,NK190-3,13921
PAK5,S602,PK753,5259
PAK6,Pan,NK124-2,4307
PBK,Pan,NK284-1,186
PBK,Y74,PK754,10311
PBK,Y272,PK889,10367
PBRM1,S948,PN714,100
PCTK1,Y176,PK755,11648
PCTK2,Pan,NK285-1,2258
PCTK2),S180,PK756,12608
PCTK3,Pan,NK286-1,13453
PCYT1A,Pan,NN-456-2,6116
PCYT1A,Pan,NN-456-1,201
PCYT1A,S329+S331,PN561,5836
PCYT1A,T342+S343,PN547,1693
PCYT1A,Y359+S362,PN548,675
PCYT1B,S315+S319,PN546,1356
PDGFRa,Pan,NK242-1,12687
PDGFRa,Pan,NK242-2,6034
PDGFRa,Y754,PK063,998
PDGFRa,Y762,PK758,5377
PDGFRa,Y768,PK759,3020
PDGFRa,S847+Y849,PK757,10222
PDGFRb,Pan,NK243-1,8824
PDGFRb,Pan,NK243-3,5330
PDGFRb,Y716,PK203,78
PDGFRb,Y1009,PK202,137
PDK1,Pan,NK126-4,4932
PDK1,S241,PK760,17747
PDK1,Pan,NN179-1,15554
PDK2,Pan,NN180-2,10318
PDK3,Pan,NN181-2,14146
PDK4,Pan,NN178-2,10074
PDLIM5,Y251,PN522,13947
PEBP1,S153,PN267,28
PECAM-1,Y713,PN523,15072
PED15,S116,PN061,366
PFKFB2,S483,PN258,94
PFKFB3,S461,PN715,1760
PFKP,S386,PN716,11522
PFN1,Y129,PN524,1770
PFTAIRE1,Pan,NK287-1,3972
PFTAIRE2,Pan,NK004-2,3290
PFTAIRE2,Pan,NK004-3,1479
PGK1,Y196,PN525,13172
PIK3CA,Y317,PK894,3676
PIK3R1,Pan,NN089,302
PIK3R1,Y467,PN526,10571
PIK3R1,Y580,PN527,8436
PIK3R2,Y464,PN528,3540
Pim1,Pan,NK258-1,304
Pim2,Pan,NK288-1,287
Pim2,Pan,NK288-2,6878
Pim2,T195,PK761,4835
Pim3,Pan,NK289-1,809
PIP5K,S307,PK762,6975
PITSLRE,Pan,NK213,423
PKCa,Pan,NK201,1467
PKCa,Pan,NK132,1553
PKCa,Y195,PK764,1370
PKCa,T497,PK763,10435
PKCa,S657,PK210,73
PKCb,Pan,NK133-3,50
PKCb,T500,PK766,3394
PKCb,S661,PK765,11817
PKCb2,Pan,NK134-3,114
PKCb2,T641,PK076-2,188
PKCb2/d,S660,PK204,64
PKCd,Pan,NK135,177
PKCd,Y313,PK207,78
PKCd,Y313,PK768,9577
PKCd,Y334,PK769,90
PKCd,T507,PK206,105
PKCd,T507,PK767,9706
PKCd,S645,PK205,74
PKCd,S645,PK079-1,529
PKCd,S664,PK080,17
PKCe,S729,PK081-1,310
PKCg,Pan,NK137,259
PKCg,Pan,NK137-2,734
PKCg,T514,PK082-2,5851
PKCg,T655,PK083,213
PKCh,T656,PK085,9349
PKCi,Pan,NK138-1,33
PKCi,T564,PK087,14
PKCt,Pan,NK140,12
PKCt,T538,PK209,95
PKCt,Y545,PK773,7350
PKCt,S676,PK089-1,11
PKCt,S695,PK772,6015
PKCz,S262+Y263,PK774,10044
PKCz,T410,PK208,294
PKCz,T410,PK775,10811
PKD1,Pan,NK142,198
PKD1,S205,PK770,7987
PKD1,S738+S742,PK771,119
PKD1,S738+S742,PK092,28
PKD1,S910,PK093-1,549
PKD2,S197+S198,PK784,6107
PKD3,Pan,NK139-2,2301
PKG1a,Pan,NK202,34
PKG1a,T515+T517,PK776,3901
PKG2,Pan,NK290-1,6203
PKG2,Pan,NK290-2,165
PKM2,Pan,NN115-2,52
PKM2,Y148,PN717,808
PKM2,S37,PN718,5507
PKM2,Y390,PN529,8710
PKN2,Pan,NK149-3,203
PKR1,Pan,NK144-1,99
PKR1,T446,PK132,9
PKR1,T446,PK777,6025
PLCB3,S1105,PN719,1070
PLCD1,S460,PN720,720
PLCE1,S1096+T1100,PN721,566
PLCG1,Pan,NN144-2,309
PLCG1,Y771,PN165,74
PLCG1,Y783,PN144,226
PLCG1,Y783,PN530,11955
PLCG1,Y977,PN722,4460
PLCG2,Y753,PN143,413
PLCG2,Y753,PN723,10356
PLCG2,Y759,PN531,9637
Plk1,Pan,NK145-2,11683
Plk1,T210,PK778,2569
Plk1,Y217,PK779,6604
Plk3,Pan,NK147-2,3906
Plk4,Pan,NK291-1,959
Plk4,T170,PK780,11655
PLPB1,Pan,NN432-1,203
PML,S518,PN641,10601
POU2F1,S385,PN643,20745
PP1/Ca pan,Pan,NP009,307
PP1/Cb,Pan,NP010-3,101
PP1/Cb,T316,PP502,10567
PP2A/Ca,Pan,NP013-NP014-2,84
PP2A/Ca,Y307,PP504,8295
PP2A/Ca,Y307,PP007,8
PP2Ca/'PP2Cb,Y362,PP508,6422
PPARg-1,S112,PN644,10178
PPP1R11,Y64,PN532,5265
PPP1R12B,T646,PP503,6446
PPP2CB,T304,PP505,18131
PPP3CC,Pan,NP049-1,334
PPP3CC,S463,PP506,15407
PPP5C,Y119,PP507,15101
PRC1,T481,PN260,58
PRK1,Pan,NK148,247
PRK1,T774,PK781,12214
PRKACA,Pan,NK127-1,627
PRKACA,Pan,NK127-3,782
PRKACA/B,T196+T198,PK782,11657
PRKACB,Y69,PK783,2124
PRKACB,S339,PK068,295
PRKAR2A,S99,PN259,114
PRKX,Pan,NK292-1,6833
PRKX,T201+T203,PK785,16432
PRKY,Pan,NK293-1,20227
PRMT5,T634,PN549,15299
PRP4K,Y849,PK786,4126
PTEN,Pan,NP023,4666
PTEN,Pan,NP023-5,6151
PTEN,S380,PP006-2,387
PTEN,S380+T382+S385,PP003,1263
PTEN,S380+T382+T383,PP006-1,1006
PTPN1,Pan,NP024-2,68
PTPN1,S50,PP509,681
PTPN1,Y66,PP510,1386
PTPN2,S304,PP515,15348
PTPN11,Pan,NP026-3,360
PTPN11,Y62,PP512,10687
PTPN11,T542,PP008,208
PTPN11,S580,PP004,338
PTPN12,S39,PP513,7412
PTPN14,S486,PP514,11935
PTPN21,S637,PP516,1157
PTPN22,Y499,PP517,12524
PTPRA,Y798,PP521,13256
PTPRB,Y1981,PP522,8944
PTPRF,Y1621,PP523,6863
PTPRK,Y916,PP524,6794
PTPRM,Y929,PP526,14406
PTRF,Y308,PN646,18622
PU.1,S146,PN647,1885
PXN,Pan,NN086,11
PXN,Y31,PN059,477
PXN,Y118,PN257,38
PYK2,Pan,NK154,553
PYK2,Pan,NK154-3,131
PYK2,Y402,PK788,3698
PYK2,Y402,PK787,6262
PYK2,Y579,PK097-3,17
PYK2,Y579+Y580,PK789,13035
Rac1,Pan,NN092-3,373
Rac1/cdc42,S71,PN063,324
Raf-A,Pan,NK205-3,9050
Raf-A,Pan,NK205-4,13906
Raf-A,Y302,PK500,10080
Raf-B,Pan,NK156-6,14309
Raf-B,Pan,NK156-4,9997
Raf-B,S446+S447,PK534,4648
Raf-B,S729,PK535,3168
Raf1,Pan,NK155-7,11243
Raf1,Pan,NK155-8,2566
Raf1,S259,PK790,5559
Raf1,S296,PK791,6699
Raf1,S301+T303,PK792,917
Raf1,S621,PK212,365
RARA,S77,PN648,13078
Rb,Pan,NN093,167
Rb,S249+T252,PN261,1028
Rb,T356,PN264,413
Rb,S608,PN262,241
Rb,S612,PN066,464
Rb,S780,PN067,167
Rb,S795,PN263,175
Rb,T821,PN070,1373
Rb,T821+T826,PN265,115
Rb,T826,PN071,1050
RBM9 iso6,T7,PN649,15113
RDBP,S89+T91,PN650,13931
RelB,Pan,NN170,497
RelB,S552,PN151,513
Ret,Pan,NK244-2,7067
Ret,Pan,NK244-4,103
Ret,Y905,PK793,14613
RIOK1,Y466,PK794,4071
RIOK2,S332+S335+S337,PK890,4729
RIPK1,Pan,NK158-2,403
RIPK1,Y384,PK795,4785
RIPK2,Pan,NK157-3,86
RIPK2,Pan,NK157,19
RIPK2,S176,PK796,10152
RIPK2,Y381,PK797,5811
ROCK1,Pan,NK160,14
ROCK1,Y913,PK798,11262
ROCK2,Pan,NK159-1,80
ROCK2,Pan,NK159-2,789
ROCK2,Y722,PK799,1775
Ron,Pan,NK161-2,8559
Ron,Y1238,PK800,9741
Ron,Y1238+Y1239,PK801,8230
ROR2,Y645+Y646,PK802,5709
RORA,S35,PN651,7382
Ros,Pan,NK163-3,10292
Ros,Pan,NK163-4,6244
Ros,Y2114+Y2115,PK803,12629
RPS6,S235+S236,PN685,5937
RPS6,S235+S236+S240,PN559,7425
RPS6,S236,PN268,320
RSK1,Pan,NK164-3,2321
RSK1,Y220+S221,PK807,10891
RSK1,S221,PK804,11956
RSK1,S221/S227,PK099,1630
RSK1,T348,PK158,749
RSK1,S352,PK157,232
RSK1,S363/S369,PK100,20
RSK1,S380,PK213,71
RSK1,S380,PK805,11020
RSK1,T573,PK806,12945
RSK2,Pan,NK165-2,340
RSK2,Pan,NK165-3,10713
RSK2,T577,PK214,1283
RSK3,Y217+S218,PK808,10857
RXRa,S260,PN652,15200
SATB1,S38,PN653,1135
SCYL1,S754,PK809,2836
SGK1,Pan,NK294-1,4469
Sgk223,Y413,PK810,14393
SgK269,Y635,PK811,10240
SgK288,Pan,NK295-1,11606
SH2BP1,T925,PN654,5679
Shc1,Y349,PN161,135
Shc1,Y349+Y350,PN074,893
SHIP1,Pan,NP044-3,4739
SHIP1,Y187,PN560,2658
SHIP2,Pan,NP045-2,8083
SHIP2,Y886,PN534,16011
SIK,Pan,NK251-2,6351
SIK,Pan,NK251-3,7489
SIK,T182,PK812,3231
SIK2,Pan,NK249-2,1384
SIK2,Pan,NK249-3,3495
SIK2,S358,PK813,8060
SIK3,Pan,NK250-2,13705
SIK3,Pan,NK250-3,6812
SIK3,T163,PK814,8705
SIK3,T411,PK815,3542
SIN3A,S832,PN655,12260
SIT,Y90,PN535,7190
SIT,Y95,PN536,14228
SLK,S189,PK816,1146
Smad1,Pan,NN445-1,32
Smad2,T220,PN185,347
Smad2/3,Pan,NN096-2,57
Smad3,T8,PN658,5027
SMARCB1,T134,PN727,7064
SMC1A,S957,PN270,109
SMG1,Pan,NK233-2,7984
SMG1,Pan,NK233-1,11944
SMG1,T3550,PK817,859
SNCA,S129,PN197,55
SND1,Y908,PN661,1165
snRNP 70,Y126,PN537,7866
SOCS7,Y561,PN728,10047
SPT5,T791,PN663,8713
Src,Pan,NK172-3,53
Src,Pan,NK172-4,26
Src,Y419,PK107,1519
Src,Y419,PK818,21
Src,Y530,PK108,9
Src,Y530,PK215,29
SRF,S224,PN664,8551
SRPK1,S222,PK819,258
SRPK1,S587,PK891,7794
SRPK2,Pan,NK296-1,5125
SRPK2,Y319,PK820,143
SSRP1,Y441+S444,PN665,1364
STAG2,Y433,PN729,7897
STAM2,Y374,PN538,131
STAT1,Pan,NN139-2,65
STAT1,Y701,PN666,12795
STAT1,S727,PN667,12667
STAT2,Y690,PN668,45
STAT3,Y705,PN273,1437
STAT3,Y705+T708,PN539,2056
STAT3,S727,PN272,25
STAT3,S727,PN669,13468
STAT4,Pan,NN117,938
STAT4,Y693,PN670,10688
STAT4,S721,PN274,803
STAT5,Y694,PN083-1,4235
STAT5A,Y694,PN671,3237
STAT5A,S780,PN672,12480
STAT6,Pan,NN107-2,46
STAT6,Y641,PN673,8738
Syk,Pan,NK174,470
Syk,Y323,PK821,814
Syk,Y352,PK822,96
Syk,Y525+Y526,PK823,76
TAK1,Pan,NK175-5,105
TAK1,Pan,NK175-3,2770
TAK1,T184+T187,PK825,3235
TAK1,S439,PK824,11019
TAO1,S181,PK826,1656
TAO1,Y309,PK827,4873
TAO3,Pan,NK087-2,296
TAO3,Pan,NK087-3,27
TARDBP,S409+S410,PN674,3712
Tau,S396,PN275,59
Tau,S516,PN085,20
Tau,T522,PN121,10
Tau,S713,PN090,216
Tau,S721,PN092,19
Tau,S739,PN107,34
TBC1D7,Y14,PN540,868
TBK1,S172,PK828,1184
TEC,Y519,PK829,2013
TERF1,T371,PN675,15883
TGM2,Y369,PN541,7448
TH,Pan,NN449-1,22
TH,S19,PN731,1535
TH,S71,PN730,12641
THRAP3,S253,PN676,3740
TIE2,Y897,PK830,1838
TIE2,Y992,PK831,260
TLN1,Y70,PN542,6088
TNK1,Y277,PK832,1055
TORC2,S433,PN677,1106
TP53BP1,T1056,PN678,1770
TRIM28,Y458,PK834,21
TRIM28,S473,PK833,281
TRIM28,Y517,PK835,2394
TRIM33,S1119,PK836,3011
TrkA,Y680+Y681,PK837,1534
TrkB,Pan,NK179-2,206
TrkB,Y516,PK838,5180
TrkB,Y702,PK839,42
TrkC,Y709+Y710,PK840,41
TRRAP,Pan,NK232-3,10695
TRRAP,Pan,NK232-1,765
TSSK3,T168,PK841,935
TTK,Pan,NK180,90
TTK,T676,PK842,2803
TTK,Y833+Y836,PK843,6931
TXK,Y420,PK844,196
TYK2,Pan,NK181-3,6783
TYK2,Pan,NK181-5,11660
TYK2,Y292,PK846,1710
TYK2,Y1054+Y1055,PK845,6115
Tyro3,Y681,PK847,2240
Tyro3,Y685+Y686,PK848,2858
UBF,T201,PN680,10961
UBF,S484,PN679,215
ULK1,Pan,NK298-2,62
ULK1,Pan,NK298-1,1532
ULK2,Pan,NK354-1,202
ULK3,Pan,NK355-1,12
VACAMKL,Y245,PK892,7378
VASP,S157,PN276,271
Vav,Y174,PN277,797
Vav,Y826,PN543,1694
VEGFR1,Pan,NK226-2,15167
VEGFR1,Y1048,PK850,9608
VEGFR1,Y1053,PK851,3657
VEGFR2,Pan,NK245-2,8968
VEGFR2,Pan,NK245-3,11933
VEGFR2,Y1054,PK852,9722
VEGFR2,Y1059,PK161,153
VEGFR2,Y1214,PK133,1161
VEGFR3,Pan,NK064-2,5053
VEGFR3,Pan,NK064-3,9296
VEGFR3,Y1068,PK853,8148
VIM,Pan,NN185-2,83
VIM,S34,PN094,327
VIM,Y117,PN544,7008
WASP,Y291,PN545,566
Wee1,Pan,NK185,3931
Wee1,S642,PK854,5396
WNK1,Pan,NK252-1,11048
WNK1,Pan,NK252-3,8063
WNK1,T60,PK856,7015
WNK1,S382,PK855,11899
WNK1,T2245,PK857,1399
WNK2,Pan,NK253-1,10135
WNK2,Pan,NK253-2,3529
WNK3,Pan,NK254-1,778
WNK3,Pan,NK254-3,4351
WNK4,Pan,NK255-1,1071
WNK4,Pan,NK255-3,5420
WT1,S365,PN732,9313
YAP1,S109,PN681,878
YAP1,T119,PN682,1191
YAP1,S127,PN683,11239
Yes,Pan,NK186,218
Yes,Y222+Y223,PK858,14771
YSK1,Pan,NK214,1149
YSK1,T174,PK859,5596
YSK4,Pan,NK256-2,1978
YSK4,Pan,NK256-3,1834
ZAP70,Pan,NK187-2,324
ZAP70,Pan,NK187,7
ZAP70,Y248,PK860,146
ZAP70,Y292,PK861,1409
ZAP70,Y319,PK862,2597
ZAP70,Y492+Y493,PK863,5778
ZC2,Pan,NK301-1,1072